{
  "model": "v9.1_single",
  "timestamp": "2025-12-05T04:36:52.030245",
  "total_iterations": 200000,
  "iterations_done": 200000,
  "final_error": 30000.328153062394,
  "params": {
    "base_mass_u": 2.137425854439471,
    "base_mass_d": 5.319415777236329,
    "freq_u": 0.9342662523428716,
    "freq_d": 0.7921656565607793,
    "amp_u": 0.9058006621927969,
    "amp_d": 0.8563222047200827,
    "coupling_proton": 1.2020515554706912,
    "coupling_neutron": 0.49829259147335386,
    "coupling_meson_charged": 3.756536715958966,
    "coupling_meson_neutral": 2.6218923139573187,
    "scale_factor": 90.9039610932403,
    "color_coupling": 1.1256526225412848,
    "phase_coupling": 1.337084143387561,
    "meson_coupling_scale": 3.3603676251573473,
    "baryon_coupling_scale": 0.7256532929859127
  },
  "results": {
    "proton_mass": 996.3969433004426,
    "proton_charge": 1.0,
    "neutron_mass": 997.6901589062172,
    "neutron_charge": 0.0,
    "pi+_mass": -4952.463042539408,
    "pi+_charge": 1.0,
    "pi0_mass": -2205.7799188755334,
    "pi0_charge": 0.0,
    "pi-_mass": -4950.451146882851,
    "pi-_charge": -1.0,
    "m_u_eff": 164.42852518562358,
    "m_d_eff": 328.01972528375103,
    "ratio_d_u": 1.9949076652816118,
    "E_proton": 1.2020515554706912,
    "E_neutron": 0.49829259147335386,
    "E_meson_charged": 3.756536715958966,
    "E_meson_neutral": 2.6218923139573187,
    "ratio_neutron_proton": 0.41453512472535825
  }
}