{
  "version": "11.1.3",
  "parameters": {
    "sigma": 0.1,
    "alpha_s": 0.5,
    "kappa": 0.2
  },
  "masses": {
    "pi+_MeV": 36909.32872932512,
    "rho+_MeV": 37044.216383634564
  },
  "analysis": {
    "mu": 1.7075,
    "a_ho": 8.491924298095766,
    "r_avg": 8.491924298095766,
    "confinement_scale": 316.22776601683796,
    "E_coulomb": -15.491343969724955,
    "E_linear": 36544.81416500167,
    "E_zero": 474.34164902525697,
    "E_spin": -101.16574073207944,
    "psi0_squared": 0.00029326271376050667
  },
  "timestamp": "20251205_192044"
}