{
  "model": "v11.0_realistic_qcd",
  "timestamp": "20251205_185108",
  "parameters": {
    "alpha_s": 0.4,
    "sigma": 0.15,
    "kappa": 0.1,
    "delta": 0.01
  },
  "quark_masses": {
    "m_u": 2.16,
    "m_d": 4.67
  },
  "calculated_masses": {
    "pi+": 2360.5591008672923,
    "pi0": 1161.8950038622252,
    "pi-": 2360.5591008672923,
    "rho+": 2365.5163734999405,
    "rho0": 1181.8950038622252,
    "rho-": 2365.5163734999405,
    "omega": 1181.8950038622252,
    "proton": 1166.3995038622252,
    "neutron": 1165.5856038622253,
    "delta++": 1197.213403862225,
    "delta+": 1196.3995038622252,
    "delta0": 1195.5856038622253,
    "delta-": 1194.7717038622252
  },
  "target_masses": {
    "pi+": 139.57039,
    "pi0": 134.9768,
    "pi-": 139.57039,
    "rho+": 775.26,
    "rho0": 775.26,
    "rho-": 775.26,
    "omega": 782.65,
    "proton": 938.2720813,
    "neutron": 939.5654133,
    "delta++": 1232.0,
    "delta+": 1232.0,
    "delta0": 1232.0,
    "delta-": 1232.0
  }
}