{
  "model": "v9.3",
  "timestamp": "2025-12-05T04:54:27.437876",
  "error": 0.20512379954650672,
  "parameters": {
    "base_mass_u": 1.654981643577291,
    "base_mass_d": 3.7926850950225175,
    "freq_u": 0.9178129081742739,
    "freq_d": 1.0326354768614805,
    "amp_u": 0.891071289710255,
    "amp_d": 0.7066894410423955,
    "coupling_proton": 1.7715944549188753,
    "coupling_neutron": 0.6294937334746005,
    "coupling_meson_charged": 4.828025631092997,
    "coupling_meson_neutral": 1.9222824491753236,
    "color_coupling": 1.2749016077112716,
    "phase_coupling": 1.768462152367479
  },
  "masses": {
    "proton": 764.8368210841842,
    "neutron": 766.1298205961467,
    "pi+": 104.35977223441992,
    "pi0": 148.1649064678675,
    "pi-": 104.35977223441992
  }
}