{
  "iteration": 590000,
  "solutions": [
    {
      "iteration": 350160,
      "parameters": {
        "freq_u": 0.9308941173624059,
        "amp_u": 0.9194454489113768,
        "freq_d": 1.0256478052424491,
        "amp_d": 0.9016583508697648,
        "coupling": 1.9362862437584312
      },
      "error": 0.8255083629386919,
      "details": {
        "proton_mass": 1209.6798309143187,
        "neutron_mass": 1210.3313420281004,
        "proton_charge": 1.0,
        "neutron_charge": 0.0,
        "proton_spin": 0.5,
        "neutron_spin": 0.5,
        "errors": [
          0.28926348746879227,
          0.2881826611550029,
          0.49612442862979345,
          0.0,
          0.0,
          0.0
        ]
      },
      "timestamp": 1764859864.3859992
    },
    {
      "iteration": 8157,
      "parameters": {
        "freq_u": 1.1260937224012182,
        "amp_u": 0.9700557185230535,
        "freq_d": 1.0595363288557655,
        "amp_d": 0.932134245227854,
        "coupling": 1.662961891484772
      },
      "error": 0.8727736162394732,
      "details": {
        "proton_mass": 1280.9556415044374,
        "neutron_mass": 1282.6169584918257,
        "proton_charge": 1.0,
        "neutron_charge": 0.0,
        "proton_spin": 0.5,
        "neutron_spin": 0.5,
        "errors": [
          0.36522846413879695,
          0.36511785612685194,
          0.2848545919476487,
          0.0,
          0.0,
          0.0
        ]
      },
      "timestamp": 1764859784.933783
    },
    {
      "iteration": 127936,
      "parameters": {
        "freq_u": 1.0928434877352313,
        "amp_u": 0.976476787573434,
        "freq_d": 1.0977293227830505,
        "amp_d": 0.9456657696532609,
        "coupling": 1.824791365768542
      },
      "error": 0.9675129728711146,
      "details": {
        "proton_mass": 1339.1842561575975,
        "neutron_mass": 1340.1828696671103,
        "proton_charge": 1.0,
        "neutron_charge": 0.0,
        "proton_spin": 0.5,
        "neutron_spin": 0.5,
        "errors": [
          0.4272878825730677,
          0.42638654022564715,
          0.22767710014479942,
          0.0,
          0.0,
          0.0
        ]
      },
      "timestamp": 1764859812.508112
    },
    {
      "iteration": 367487,
      "parameters": {
        "freq_u": 1.0507081907802402,
        "amp_u": 1.0081743808985855,
        "freq_d": 1.0007752720782088,
        "amp_d": 0.9451694804013219,
        "coupling": 1.8493148959269454
      },
      "error": 0.9786128169649135,
      "details": {
        "proton_mass": 1293.4775673098911,
        "neutron_mass": 1294.1949286917995,
        "proton_charge": 1.0,
        "neutron_charge": 0.0,
        "proton_spin": 0.5,
        "neutron_spin": 0.5,
        "errors": [
          0.37857419523324903,
          0.3774405482236987,
          0.44519614701593163,
          0.0,
          0.0,
          0.0
        ]
      },
      "timestamp": 1764859868.494082
    }
  ],
  "best_solution": {
    "iteration": 350160,
    "parameters": {
      "freq_u": 0.9308941173624059,
      "amp_u": 0.9194454489113768,
      "freq_d": 1.0256478052424491,
      "amp_d": 0.9016583508697648,
      "coupling": 1.9362862437584312
    },
    "error": 0.8255083629386919,
    "details": {
      "proton_mass": 1209.6798309143187,
      "neutron_mass": 1210.3313420281004,
      "proton_charge": 1.0,
      "neutron_charge": 0.0,
      "proton_spin": 0.5,
      "neutron_spin": 0.5,
      "errors": [
        0.28926348746879227,
        0.2881826611550029,
        0.49612442862979345,
        0.0,
        0.0,
        0.0
      ]
    },
    "timestamp": 1764859864.3859992
  },
  "elapsed_time": 139.4606659412384
}