{
  "iteration": 220000,
  "total_iterations": 500000,
  "progress_percent": 44.0,
  "current_error": 2.5814192310539728,
  "best_error": 1.7295312437341883,
  "temperature": 0.12276799704740536,
  "current_params": {
    "base_mass_u": 2.232643751651412,
    "base_mass_d": 5.621280046828333,
    "freq_u": 0.7502873490600772,
    "freq_d": 0.7220573982213152,
    "amp_u": 0.8327588643215749,
    "amp_d": 0.7096567260093367,
    "coupling_proton": 1.0728927403123685,
    "coupling_neutron": 0.45681567613837787,
    "coupling_meson_charged": 2.3532286872810815,
    "coupling_meson_neutral": 1.8671406143906601,
    "scale_factor": 90.53608009046309,
    "color_coupling": 0.9424622477275649,
    "phase_coupling": 0.7022014493051101,
    "meson_coupling_scale": 0.5140234111932331,
    "baryon_coupling_scale": 1.1285441747524705
  },
  "best_params": {
    "base_mass_u": 2.290376364687957,
    "base_mass_d": 5.543684101987123,
    "freq_u": 0.7681132003904849,
    "freq_d": 0.7392977094268115,
    "amp_u": 0.8427183801759248,
    "amp_d": 0.7096802758712434,
    "coupling_proton": 1.0541581420691086,
    "coupling_neutron": 0.47941994764324714,
    "coupling_meson_charged": 2.3721419331470597,
    "coupling_meson_neutral": 1.8650416056796282,
    "scale_factor": 90.63897485541293,
    "color_coupling": 0.914497460972314,
    "phase_coupling": 0.753077925081241,
    "meson_coupling_scale": 0.5119905519005246,
    "baryon_coupling_scale": 1.1142718840343218
  },
  "timestamp": "2025-12-05T04:46:36.389721"
}