{
  "iteration": 190000,
  "total_iterations": 500000,
  "progress_percent": 38.0,
  "current_error": 2.4886318302179475,
  "best_error": 1.7295312437341883,
  "temperature": 0.22369921771567317,
  "current_params": {
    "base_mass_u": 2.2685904854608894,
    "base_mass_d": 5.540323621248198,
    "freq_u": 0.7624196915225249,
    "freq_d": 0.7294893348790483,
    "amp_u": 0.8383333975246124,
    "amp_d": 0.7041627053823337,
    "coupling_proton": 1.041173180801406,
    "coupling_neutron": 0.4711557271647457,
    "coupling_meson_charged": 2.4327356600922196,
    "coupling_meson_neutral": 1.8561814154641196,
    "scale_factor": 90.78565759863272,
    "color_coupling": 0.915935945515566,
    "phase_coupling": 0.731854732625895,
    "meson_coupling_scale": 0.5009165046302905,
    "baryon_coupling_scale": 1.113399012577455
  },
  "best_params": {
    "base_mass_u": 2.290376364687957,
    "base_mass_d": 5.543684101987123,
    "freq_u": 0.7681132003904849,
    "freq_d": 0.7392977094268115,
    "amp_u": 0.8427183801759248,
    "amp_d": 0.7096802758712434,
    "coupling_proton": 1.0541581420691086,
    "coupling_neutron": 0.47941994764324714,
    "coupling_meson_charged": 2.3721419331470597,
    "coupling_meson_neutral": 1.8650416056796282,
    "scale_factor": 90.63897485541293,
    "color_coupling": 0.914497460972314,
    "phase_coupling": 0.753077925081241,
    "meson_coupling_scale": 0.5119905519005246,
    "baryon_coupling_scale": 1.1142718840343218
  },
  "timestamp": "2025-12-05T04:46:25.814047"
}