{
  "iteration": 230000,
  "total_iterations": 500000,
  "progress_percent": 46.0,
  "current_error": 2.4121815834035996,
  "best_error": 1.7295312437341883,
  "temperature": 0.10051373364612923,
  "current_params": {
    "base_mass_u": 2.2289011060296136,
    "base_mass_d": 5.601861733440792,
    "freq_u": 0.754107295161575,
    "freq_d": 0.7187019264322801,
    "amp_u": 0.8349821633053345,
    "amp_d": 0.7104915432883782,
    "coupling_proton": 1.0673657130119973,
    "coupling_neutron": 0.46451223795607205,
    "coupling_meson_charged": 2.3562756512211824,
    "coupling_meson_neutral": 1.880264255945899,
    "scale_factor": 90.40603274701984,
    "color_coupling": 0.9332783146190907,
    "phase_coupling": 0.6884773667246884,
    "meson_coupling_scale": 0.5243106584623191,
    "baryon_coupling_scale": 1.1344519093593075
  },
  "best_params": {
    "base_mass_u": 2.290376364687957,
    "base_mass_d": 5.543684101987123,
    "freq_u": 0.7681132003904849,
    "freq_d": 0.7392977094268115,
    "amp_u": 0.8427183801759248,
    "amp_d": 0.7096802758712434,
    "coupling_proton": 1.0541581420691086,
    "coupling_neutron": 0.47941994764324714,
    "coupling_meson_charged": 2.3721419331470597,
    "coupling_meson_neutral": 1.8650416056796282,
    "scale_factor": 90.63897485541293,
    "color_coupling": 0.914497460972314,
    "phase_coupling": 0.753077925081241,
    "meson_coupling_scale": 0.5119905519005246,
    "baryon_coupling_scale": 1.1142718840343218
  },
  "timestamp": "2025-12-05T04:46:39.876723"
}