{
  "iteration": 70000,
  "total_iterations": 500000,
  "progress_percent": 14.000000000000002,
  "current_error": 22.025028832507985,
  "best_error": 22.025028832507985,
  "temperature": 2.465935115619009,
  "current_params": {
    "base_mass_u": 2.556301729834774,
    "base_mass_d": 5.128374934992538,
    "freq_u": 0.7209587837999868,
    "freq_d": 0.7230884064738969,
    "amp_u": 0.819075432153008,
    "amp_d": 0.7752519763081828,
    "coupling_proton": 1.1206771313978976,
    "coupling_neutron": 0.4053315821834299,
    "coupling_meson_charged": 3.078934316992913,
    "coupling_meson_neutral": 1.6149770458731905,
    "scale_factor": 90.25171423850078,
    "color_coupling": 0.6086077463375807,
    "phase_coupling": 0.6922953023372383,
    "meson_coupling_scale": 0.5327074049772939,
    "baryon_coupling_scale": 1.0438266472840867
  },
  "best_params": {
    "base_mass_u": 2.556301729834774,
    "base_mass_d": 5.128374934992538,
    "freq_u": 0.7209587837999868,
    "freq_d": 0.7230884064738969,
    "amp_u": 0.819075432153008,
    "amp_d": 0.7752519763081828,
    "coupling_proton": 1.1206771313978976,
    "coupling_neutron": 0.4053315821834299,
    "coupling_meson_charged": 3.078934316992913,
    "coupling_meson_neutral": 1.6149770458731905,
    "scale_factor": 90.25171423850078,
    "color_coupling": 0.6086077463375807,
    "phase_coupling": 0.6922953023372383,
    "meson_coupling_scale": 0.5327074049772939,
    "baryon_coupling_scale": 1.0438266472840867
  },
  "timestamp": "2025-12-05T04:45:43.423557"
}