{
  "iteration": 1800000,
  "error": 6399.26966855026,
  "params": {
    "base_mass_u": 2.529846481693899,
    "base_mass_d": 4.70744075570108,
    "base_mass_s": 15.05569865889039,
    "freq_u": 0.8812939318695009,
    "freq_d": 0.8208912157230903,
    "freq_s": 0.6127313461642849,
    "amp_u": 1.2126240740830296,
    "amp_d": 0.7119946204457557,
    "amp_s": 0.6571105382217126,
    "coupling_proton": 1.291356248212227,
    "coupling_neutron": 0.34060012680173635,
    "coupling_lambda0": 1.0031818755004958,
    "coupling_meson_light": 4.239477119541252,
    "coupling_meson_strange": 4.003548399244317,
    "phase_shift": 3.8070211540293704
  },
  "results": {
    "proton_mass": 938.9635226621104,
    "proton_charge": 1.0,
    "neutron_mass": 848.6736335342922,
    "neutron_charge": 0.0,
    "pi+_mass": 139.63698058309637,
    "pi+_charge": 1.0,
    "pi0_mass": 134.8603178213585,
    "pi0_charge": 0.0,
    "pi-_mass": 139.63698058309637,
    "pi-_charge": -1.0,
    "k+_mass": 493.2782492772118,
    "k+_charge": 1.0,
    "k0_mass": 498.05491203894974,
    "k0_charge": 0.0,
    "k-_mass": 493.2782492772118,
    "k-_charge": -1.0,
    "k0_bar_mass": 498.05491203894974,
    "k0_bar_charge": 0.0,
    "lambda0_mass": 1217.8959871920583,
    "lambda0_charge": 0.0,
    "m_u_eff_mev": 270.3591880791579,
    "m_d_eff_mev": 275.1358508408957,
    "m_s_eff_mev": 606.1909444889719,
    "mass_ratio_d_u": 1.0176678395717749,
    "mass_ratio_s_u": 2.2421688302728833,
    "mass_ratio_s_d": 2.2032422987999376,
    "sync_proton": 1.2310929566289899,
    "sync_neutron": 0.2804274377334296,
    "sync_pi+": 4.058580583369572,
    "sync_k+": 3.8327188329091793,
    "sync_lambda0": 0.6621000378303273
  },
  "timestamp": "2025-12-05T00:05:01.449292"
}