{
  "iteration": 1400000,
  "error": 6438.697204840777,
  "params": {
    "base_mass_u": 2.5885508888408166,
    "base_mass_d": 4.6210936818134485,
    "base_mass_s": 15.148219219065403,
    "freq_u": 0.8688293393563529,
    "freq_d": 0.8242860922426846,
    "freq_s": 0.6050069132023713,
    "amp_u": 1.1986609788650628,
    "amp_d": 0.7172956948152454,
    "amp_s": 0.662326944846314,
    "coupling_proton": 1.3561272822850092,
    "coupling_neutron": 0.3380817337231043,
    "coupling_lambda0": 1.0030917349705464,
    "coupling_meson_light": 4.21073447713548,
    "coupling_meson_strange": 4.000649094740714,
    "phase_shift": 3.808323723806784
  },
  "results": {
    "proton_mass": 941.6693266518896,
    "proton_charge": 1.0,
    "neutron_mass": 843.86599693872,
    "neutron_charge": 0.0,
    "pi+_mass": 139.76660857546372,
    "pi+_charge": 1.0,
    "pi0_mass": 136.12120012066492,
    "pi0_charge": 0.0,
    "pi-_mass": 139.76660857546372,
    "pi-_charge": -1.0,
    "k+_mass": 493.6579021593891,
    "k+_charge": 1.0,
    "k0_mass": 497.30331061418786,
    "k0_charge": 0.0,
    "k-_mass": 493.6579021593891,
    "k-_charge": -1.0,
    "k0_bar_mass": 497.30331061418786,
    "k0_bar_charge": 0.0,
    "lambda0_mass": 1216.017217189335,
    "lambda0_charge": 0.0,
    "m_u_eff_mev": 269.57992798419554,
    "m_d_eff_mev": 273.2253364389944,
    "m_s_eff_mev": 607.007898258089,
    "mass_ratio_d_u": 1.0135225514824404,
    "mass_ratio_s_u": 2.251680615827138,
    "mass_ratio_s_d": 2.221638396238635,
    "sync_proton": 1.2928413424450422,
    "sync_neutron": 0.2783539607653559,
    "sync_pi+": 4.030386558477262,
    "sync_k+": 3.8292992408289543,
    "sync_lambda0": 0.6620405450805606
  },
  "timestamp": "2025-12-05T00:03:50.812930"
}