{
  "iteration": 500000,
  "error": 6591.831492715036,
  "params": {
    "base_mass_u": 2.3492857834442153,
    "base_mass_d": 4.980330214182587,
    "base_mass_s": 15.078384549266588,
    "freq_u": 0.9951779544124439,
    "freq_d": 0.7305392023457024,
    "freq_s": 0.6481331844207798,
    "amp_u": 1.0979967322857338,
    "amp_d": 0.7267047483039589,
    "amp_s": 0.6329760635248576,
    "coupling_proton": 1.7115812684886251,
    "coupling_neutron": 0.3252038570897813,
    "coupling_lambda0": 1.0027577019172258,
    "coupling_meson_light": 3.9744519728421386,
    "coupling_meson_strange": 4.00803556935468,
    "phase_shift": 3.8085072706020036
  },
  "results": {
    "proton_mass": 940.9835807259154,
    "proton_charge": 1.0,
    "neutron_mass": 812.2799015138596,
    "neutron_charge": 0.0,
    "pi+_mass": 140.69248062867837,
    "pi+_charge": 1.0,
    "pi0_mass": 133.0005298118772,
    "pi0_charge": 0.0,
    "pi-_mass": 140.69248062867837,
    "pi-_charge": -1.0,
    "k+_mass": 491.6740614948637,
    "k+_charge": 1.0,
    "k0_mass": 499.3660123116648,
    "k0_charge": 0.0,
    "k-_mass": 491.6740614948637,
    "k-_charge": -1.0,
    "k0_bar_mass": 499.3660123116648,
    "k0_bar_charge": 0.0,
    "lambda0_mass": 1205.8828162736042,
    "lambda0_charge": 0.0,
    "m_u_eff_mev": 256.70696077106624,
    "m_d_eff_mev": 264.3989115878674,
    "m_s_eff_mev": 618.5949355881336,
    "mass_ratio_d_u": 1.0299639355072296,
    "mass_ratio_s_u": 2.4097318348130132,
    "mass_ratio_s_d": 2.3396273905709957,
    "sync_proton": 1.631707475959156,
    "sync_neutron": 0.26775117567058654,
    "sync_pi+": 3.804133917302553,
    "sync_k+": 3.836278348643361,
    "sync_lambda0": 0.6618200832653691
  },
  "timestamp": "2025-12-05T00:01:10.796832"
}