{
  "iteration": 1200000,
  "error": 6449.951817440318,
  "params": {
    "base_mass_u": 2.596090069645578,
    "base_mass_d": 4.836346441218843,
    "base_mass_s": 15.029891289080798,
    "freq_u": 0.8735352491848452,
    "freq_d": 0.80608430883982,
    "freq_s": 0.6086234882239828,
    "amp_u": 1.1768381875388543,
    "amp_d": 0.7042973821287282,
    "amp_s": 0.6638702115675771,
    "coupling_proton": 1.3723872136006132,
    "coupling_neutron": 0.336409449488752,
    "coupling_lambda0": 1.0048785233881756,
    "coupling_meson_light": 4.190152214983637,
    "coupling_meson_strange": 4.00088687876336,
    "phase_shift": 3.8022765122846676
  },
  "results": {
    "proton_mass": 939.165915156277,
    "proton_charge": 1.0,
    "neutron_mass": 843.7193613551761,
    "neutron_charge": 0.0,
    "pi+_mass": 140.07032751480102,
    "pi+_charge": 1.0,
    "pi0_mass": 132.38034496055073,
    "pi0_charge": 0.0,
    "pi-_mass": 140.07032751480102,
    "pi-_charge": -1.0,
    "k+_mass": 490.90803972453347,
    "k+_charge": 1.0,
    "k0_mass": 498.5980222787838,
    "k0_charge": 0.0,
    "k-_mass": 490.90803972453347,
    "k-_charge": -1.0,
    "k0_bar_mass": 498.5980222787838,
    "k0_bar_charge": 0.0,
    "lambda0_mass": 1215.0513427860956,
    "lambda0_charge": 0.0,
    "m_u_eff_mev": 266.880561635145,
    "m_d_eff_mev": 274.57054418939526,
    "m_s_eff_mev": 607.2782544179357,
    "mass_ratio_d_u": 1.028814322433731,
    "mass_ratio_s_u": 2.275468287001553,
    "mass_ratio_s_d": 2.211738539582902,
    "sync_proton": 1.3083424769659182,
    "sync_neutron": 0.27697711341240583,
    "sync_pi+": 4.013807783097392,
    "sync_k+": 3.8325077632854723,
    "sync_lambda0": 0.663219825436196
  },
  "timestamp": "2025-12-05T00:03:15.218380"
}