{
  "iteration": 1500000,
  "error": 6415.438598126557,
  "params": {
    "base_mass_u": 2.542624746970291,
    "base_mass_d": 4.784119730989128,
    "base_mass_s": 15.152099046852209,
    "freq_u": 0.8756505477450501,
    "freq_d": 0.8194741100976863,
    "freq_s": 0.6117758409537297,
    "amp_u": 1.2025433814010282,
    "amp_d": 0.703332961675444,
    "amp_s": 0.6527886700430514,
    "coupling_proton": 1.333491402547639,
    "coupling_neutron": 0.3416679361351471,
    "coupling_lambda0": 1.0053508882816633,
    "coupling_meson_light": 4.211528198219247,
    "coupling_meson_strange": 4.001022805654909,
    "phase_shift": 3.8027009585360028
  },
  "results": {
    "proton_mass": 938.3459368244097,
    "proton_charge": 1.0,
    "neutron_mass": 847.3490880792705,
    "neutron_charge": 0.0,
    "pi+_mass": 140.07292501932022,
    "pi+_charge": 1.0,
    "pi0_mass": 132.07425346337834,
    "pi0_charge": 0.0,
    "pi-_mass": 140.07292501932022,
    "pi-_charge": -1.0,
    "k+_mass": 489.61215187824394,
    "k+_charge": 1.0,
    "k0_mass": 497.6108234341859,
    "k0_charge": 0.0,
    "k-_mass": 489.61215187824394,
    "k-_charge": -1.0,
    "k0_bar_mass": 497.6108234341859,
    "k0_bar_charge": 0.0,
    "lambda0_mass": 1214.947292484679,
    "lambda0_charge": 0.0,
    "m_u_eff_mev": 267.74036163075317,
    "m_d_eff_mev": 275.7390331866951,
    "m_s_eff_mev": 605.1147390406412,
    "mass_ratio_d_u": 1.0298747320248005,
    "mass_ratio_s_u": 2.2600803829314637,
    "mass_ratio_s_d": 2.1945196951167056,
    "sync_proton": 1.2712618037620826,
    "sync_neutron": 0.2813066007512711,
    "sync_pi+": 4.03406469798128,
    "sync_k+": 3.8324294879315053,
    "sync_lambda0": 0.6635315862658978
  },
  "timestamp": "2025-12-05T00:04:08.435887"
}