{
  "iteration": 900000,
  "error": 6525.3196966740825,
  "params": {
    "base_mass_u": 2.4108988309170414,
    "base_mass_d": 4.859778198495357,
    "base_mass_s": 15.233304736418814,
    "freq_u": 0.9704646060189365,
    "freq_d": 0.788228262750856,
    "freq_s": 0.6106830070224293,
    "amp_u": 1.1171242305238545,
    "amp_d": 0.7046640172898312,
    "amp_s": 0.6595116618238671,
    "coupling_proton": 1.5319226733792464,
    "coupling_neutron": 0.3412711013849646,
    "coupling_lambda0": 1.006496418667082,
    "coupling_meson_light": 4.099067825452518,
    "coupling_meson_strange": 4.007206883967879,
    "phase_shift": 3.803412323922437
  },
  "results": {
    "proton_mass": 938.7182384528469,
    "proton_charge": 1.0,
    "neutron_mass": 829.3298923094477,
    "neutron_charge": 0.0,
    "pi+_mass": 138.70379340356305,
    "pi+_charge": 1.0,
    "pi0_mass": 130.14683203216944,
    "pi0_charge": 0.0,
    "pi-_mass": 138.70379340356305,
    "pi-_charge": -1.0,
    "k+_mass": 491.09763839238366,
    "k+_charge": 1.0,
    "k0_mass": 499.65459976377724,
    "k0_charge": 0.0,
    "k-_mass": 491.09763839238366,
    "k-_charge": -1.0,
    "k0_bar_mass": 499.65459976377724,
    "k0_bar_charge": 0.0,
    "lambda0_mass": 1211.256301793867,
    "lambda0_charge": 0.0,
    "m_u_eff_mev": 261.37266073976616,
    "m_d_eff_mev": 269.92962211115974,
    "m_s_eff_mev": 613.5252553109135,
    "mass_ratio_d_u": 1.0327385478924027,
    "mass_ratio_s_u": 2.3473199284670616,
    "mass_ratio_s_d": 2.2729082140464656,
    "sync_proton": 1.4604329486215484,
    "sync_neutron": 0.2809798734736208,
    "sync_pi+": 3.925984894473629,
    "sync_k+": 3.8380027765829587,
    "sync_lambda0": 0.6642876363202741
  },
  "timestamp": "2025-12-05T00:02:22.231916"
}