{
  "iteration": 1900000,
  "error": 6398.491842171715,
  "params": {
    "base_mass_u": 2.5385488203849964,
    "base_mass_d": 4.738995323099647,
    "base_mass_s": 15.055507663377108,
    "freq_u": 0.8738570887777851,
    "freq_d": 0.8259338286386356,
    "freq_s": 0.6121808101436087,
    "amp_u": 1.2166316054006185,
    "amp_d": 0.7024078891654127,
    "amp_s": 0.6572958187862351,
    "coupling_proton": 1.3032490097693576,
    "coupling_neutron": 0.34198092838300787,
    "coupling_lambda0": 1.0056247301784473,
    "coupling_meson_light": 4.230414213826338,
    "coupling_meson_strange": 4.002383917606657,
    "phase_shift": 3.8073808317483584
  },
  "results": {
    "proton_mass": 938.9501076890145,
    "proton_charge": 1.0,
    "neutron_mass": 847.9037919504071,
    "neutron_charge": 0.0,
    "pi+_mass": 139.8464865000343,
    "pi+_charge": 1.0,
    "pi0_mass": 134.8061597441639,
    "pi0_charge": 0.0,
    "pi-_mass": 139.8464865000343,
    "pi-_charge": -1.0,
    "k+_mass": 492.55564793457813,
    "k+_charge": 1.0,
    "k0_mass": 497.59597469044866,
    "k0_charge": 0.0,
    "k-_mass": 492.55564793457813,
    "k-_charge": -1.0,
    "k0_bar_mass": 497.59597469044866,
    "k0_bar_charge": 0.0,
    "lambda0_mass": 1216.998733933427,
    "lambda0_charge": 0.0,
    "m_u_eff_mev": 269.8889028894884,
    "m_d_eff_mev": 274.9292296453588,
    "m_s_eff_mev": 605.8093692068023,
    "mass_ratio_d_u": 1.0186755613213718,
    "mass_ratio_s_u": 2.244662017299998,
    "mass_ratio_s_d": 2.2035102269346103,
    "sync_proton": 1.2424307226467879,
    "sync_neutron": 0.2815642977020098,
    "sync_pi+": 4.0497164603481295,
    "sync_k+": 3.8314262416171254,
    "sync_lambda0": 0.6637123219177753
  },
  "timestamp": "2025-12-05T00:05:19.038133"
}