{
  "iteration": 1700000,
  "error": 6403.734765767711,
  "params": {
    "base_mass_u": 2.515044681276948,
    "base_mass_d": 4.725669269611921,
    "base_mass_s": 15.076412324833695,
    "freq_u": 0.8843554437436623,
    "freq_d": 0.8147389071801363,
    "freq_s": 0.619465683434106,
    "amp_u": 1.2141250236474848,
    "amp_d": 0.7136515841630986,
    "amp_s": 0.648865405397374,
    "coupling_proton": 1.2927130455372855,
    "coupling_neutron": 0.34052909797733155,
    "coupling_lambda0": 1.0034230881915116,
    "coupling_meson_light": 4.223526375092964,
    "coupling_meson_strange": 4.003795051359224,
    "phase_shift": 3.8065723622906553
  },
  "results": {
    "proton_mass": 938.0976077527056,
    "proton_charge": 1.0,
    "neutron_mass": 847.620144492122,
    "neutron_charge": 0.0,
    "pi+_mass": 140.45962736229941,
    "pi+_charge": 1.0,
    "pi0_mass": 135.7353426817955,
    "pi0_charge": 0.0,
    "pi-_mass": 140.45962736229941,
    "pi-_charge": -1.0,
    "k+_mass": 492.7233857905364,
    "k+_charge": 1.0,
    "k0_mass": 497.4476704710403,
    "k0_charge": 0.0,
    "k-_mass": 492.7233857905364,
    "k-_charge": -1.0,
    "k0_bar_mass": 497.4476704710403,
    "k0_bar_charge": 0.0,
    "lambda0_mass": 1217.0361647474363,
    "lambda0_charge": 0.0,
    "m_u_eff_mev": 270.0448931325491,
    "m_d_eff_mev": 274.769177813053,
    "m_s_eff_mev": 605.9961699811944,
    "mass_ratio_d_u": 1.0174944418526184,
    "mass_ratio_s_u": 2.2440571378765037,
    "mass_ratio_s_d": 2.2054736080824213,
    "sync_proton": 1.2323864367455455,
    "sync_neutron": 0.28036895733466966,
    "sync_pi+": 4.043544435833026,
    "sync_k+": 3.8331767732320707,
    "sync_lambda0": 0.6622592382063976
  },
  "timestamp": "2025-12-05T00:04:43.785472"
}