{
  "iteration": 200000,
  "error": 6656.5786450905325,
  "params": {
    "base_mass_u": 2.3499747634443002,
    "base_mass_d": 5.458403609960985,
    "base_mass_s": 15.307654908906821,
    "freq_u": 1.0496861809080416,
    "freq_d": 0.6949897985949242,
    "freq_s": 0.6023265310173567,
    "amp_u": 1.0462941733953737,
    "amp_d": 0.7033721998552634,
    "amp_s": 0.6651258572320975,
    "coupling_proton": 1.7038689411521521,
    "coupling_neutron": 0.33686395435296,
    "coupling_lambda0": 1.0079473789742497,
    "coupling_meson_light": 4.011459711043419,
    "coupling_meson_strange": 4.010436848463387,
    "phase_shift": 3.784174162692967
  },
  "results": {
    "proton_mass": 945.4485073456467,
    "proton_charge": 1.0,
    "neutron_mass": 819.4816733727483,
    "neutron_charge": 0.0,
    "pi+_mass": 139.77547522404507,
    "pi+_charge": 1.0,
    "pi0_mass": 131.04193571549865,
    "pi0_charge": 0.0,
    "pi-_mass": 139.77547522404507,
    "pi-_charge": -1.0,
    "k+_mass": 486.3067749079372,
    "k+_charge": 1.0,
    "k0_mass": 495.0403144164838,
    "k0_charge": 0.0,
    "k-_mass": 486.3067749079372,
    "k-_charge": -1.0,
    "k0_bar_mass": 495.0403144164838,
    "k0_bar_charge": 0.0,
    "lambda0_mass": 1204.7041617389632,
    "lambda0_charge": 0.0,
    "m_u_eff_mev": 258.0931540379761,
    "m_d_eff_mev": 266.82669354652256,
    "m_s_eff_mev": 613.259787142164,
    "mass_ratio_d_u": 1.0338387104497215,
    "mass_ratio_s_u": 2.3761179928543483,
    "mass_ratio_s_d": 2.2983449631333044,
    "sync_proton": 1.6243550572317187,
    "sync_neutron": 0.2773513224172704,
    "sync_pi+": 3.8514437236045356,
    "sync_k+": 3.850461662722027,
    "sync_lambda0": 0.6652452701230048
  },
  "timestamp": "2025-12-05T00:00:07.671787"
}