{
  "iteration": 1000000,
  "error": 6519.877237602819,
  "params": {
    "base_mass_u": 2.4378258684959078,
    "base_mass_d": 4.780799194829006,
    "base_mass_s": 15.022372503649716,
    "freq_u": 0.9500258568806947,
    "freq_d": 0.7908819195388258,
    "freq_s": 0.6107761696177663,
    "amp_u": 1.1401524767162676,
    "amp_d": 0.7088976100500418,
    "amp_s": 0.6684554797336669,
    "coupling_proton": 1.5090494873918836,
    "coupling_neutron": 0.33587862039348365,
    "coupling_lambda0": 1.0035001036280229,
    "coupling_meson_light": 4.093096942089018,
    "coupling_meson_strange": 4.00238889706846,
    "phase_shift": 3.7735944841430142
  },
  "results": {
    "proton_mass": 940.0183637802191,
    "proton_charge": 1.0,
    "neutron_mass": 827.7881751655,
    "neutron_charge": 0.0,
    "pi+_mass": 138.59882889705264,
    "pi+_charge": 1.0,
    "pi0_mass": 134.6203061261424,
    "pi0_charge": 0.0,
    "pi-_mass": 138.59882889705264,
    "pi-_charge": -1.0,
    "k+_mass": 492.6100914236887,
    "k+_charge": 1.0,
    "k0_mass": 496.58861419459885,
    "k0_charge": 0.0,
    "k-_mass": 492.6100914236887,
    "k-_charge": -1.0,
    "k0_bar_mass": 496.58861419459885,
    "k0_bar_charge": 0.0,
    "lambda0_mass": 1211.6560451045013,
    "lambda0_charge": 0.0,
    "m_u_eff_mev": 264.05904107042755,
    "m_d_eff_mev": 268.03756384133777,
    "m_s_eff_mev": 613.3284333532863,
    "mass_ratio_d_u": 1.015066792467254,
    "mass_ratio_s_u": 2.3226943143738246,
    "mass_ratio_s_d": 2.2882182055509954,
    "sync_proton": 1.4386271779802626,
    "sync_neutron": 0.2765400641239682,
    "sync_pi+": 3.934977760147127,
    "sync_k+": 3.8477738300002513,
    "sync_lambda0": 0.6623100683944951
  },
  "timestamp": "2025-12-05T00:02:39.844082"
}