{
  "iteration": 1100000,
  "error": 6491.49998865179,
  "params": {
    "base_mass_u": 2.547398558031962,
    "base_mass_d": 4.950467305404095,
    "base_mass_s": 15.111697193550274,
    "freq_u": 0.9101244898335018,
    "freq_d": 0.776668432851655,
    "freq_s": 0.6240925567892932,
    "amp_u": 1.1420056322699796,
    "amp_d": 0.7021150171129286,
    "amp_s": 0.6476171086295485,
    "coupling_proton": 1.4857924426004365,
    "coupling_neutron": 0.3326560204490027,
    "coupling_lambda0": 1.0062284756811974,
    "coupling_meson_light": 4.121468369971466,
    "coupling_meson_strange": 4.006029266296466,
    "phase_shift": 3.8083576528999687
  },
  "results": {
    "proton_mass": 941.1363099368817,
    "proton_charge": 1.0,
    "neutron_mass": 832.0653831164265,
    "neutron_charge": 0.0,
    "pi+_mass": 140.22984243789298,
    "pi+_charge": 1.0,
    "pi0_mass": 135.04390208074102,
    "pi0_charge": 0.0,
    "pi-_mass": 140.22984243789298,
    "pi-_charge": -1.0,
    "k+_mass": 492.0990828261084,
    "k+_charge": 1.0,
    "k0_mass": 497.2850231832603,
    "k0_charge": 0.0,
    "k-_mass": 492.0990828261084,
    "k-_charge": -1.0,
    "k0_bar_mass": 497.2850231832603,
    "k0_bar_charge": 0.0,
    "lambda0_mass": 1211.9075935655894,
    "lambda0_charge": 0.0,
    "m_u_eff_mev": 264.76827446171825,
    "m_d_eff_mev": 269.9542148188702,
    "m_s_eff_mev": 610.774024890042,
    "mass_ratio_d_u": 1.0195867135807533,
    "mass_ratio_s_u": 2.30682481174062,
    "mass_ratio_s_d": 2.2625096826135866,
    "sync_proton": 1.4164554619457497,
    "sync_neutron": 0.2738867901696789,
    "sync_pi+": 3.944926468426955,
    "sync_k+": 3.8344321652565183,
    "sync_lambda0": 0.6641107939495904
  },
  "timestamp": "2025-12-05T00:02:57.535047"
}