{
  "iteration": 300000,
  "error": 6605.351844153596,
  "params": {
    "base_mass_u": 2.5202771917569464,
    "base_mass_d": 5.030536318777112,
    "base_mass_s": 15.38680881129602,
    "freq_u": 0.9577692917771862,
    "freq_d": 0.7388696462842176,
    "freq_s": 0.6362165894551226,
    "amp_u": 1.0667978396275943,
    "amp_d": 0.7027130811477342,
    "amp_s": 0.6329846892253315,
    "coupling_proton": 1.7351336574623912,
    "coupling_neutron": 0.33160751714078496,
    "coupling_lambda0": 1.0093816357158985,
    "coupling_meson_light": 3.9321753339272325,
    "coupling_meson_strange": 4.001327464552273,
    "phase_shift": 3.806675701511027
  },
  "results": {
    "proton_mass": 941.6249791186531,
    "proton_charge": 1.0,
    "neutron_mass": 807.1950581390176,
    "neutron_charge": 0.0,
    "pi+_mass": 142.24464473274418,
    "pi+_charge": 1.0,
    "pi0_mass": 138.56084261222287,
    "pi0_charge": 0.0,
    "pi-_mass": 142.24464473274418,
    "pi-_charge": -1.0,
    "k+_mass": 494.0824615861789,
    "k+_charge": 1.0,
    "k0_mass": 497.7662637067002,
    "k0_charge": 0.0,
    "k-_mass": 494.0824615861789,
    "k-_charge": -1.0,
    "k0_bar_mass": 497.7662637067002,
    "k0_bar_charge": 0.0,
    "lambda0_mass": 1204.970149723005,
    "lambda0_charge": 0.0,
    "m_u_eff_mev": 257.5083672177946,
    "m_d_eff_mev": 261.1921693383159,
    "m_s_eff_mev": 619.6504252096455,
    "mass_ratio_d_u": 1.0143055628068414,
    "mass_ratio_s_u": 2.406331226843435,
    "mass_ratio_s_d": 2.3723928124622575,
    "sync_proton": 1.6541607534474798,
    "sync_neutron": 0.27302352244591294,
    "sync_pi+": 3.7645589182336634,
    "sync_k+": 3.830763308412612,
    "sync_lambda0": 0.666191879572493
  },
  "timestamp": "2025-12-05T00:00:29.755927"
}