{
  "iteration": 800000,
  "error": 6554.187850794897,
  "params": {
    "base_mass_u": 2.5047802264640797,
    "base_mass_d": 4.999232413603929,
    "base_mass_s": 15.06880300496944,
    "freq_u": 0.9297185615734073,
    "freq_d": 0.749122549388462,
    "freq_s": 0.6028946722181365,
    "amp_u": 1.10471551111605,
    "amp_d": 0.7021417966434449,
    "amp_s": 0.6791247551308174,
    "coupling_proton": 1.6609883200094362,
    "coupling_neutron": 0.34158062312528253,
    "coupling_lambda0": 1.0049063556317113,
    "coupling_meson_light": 3.978469133783057,
    "coupling_meson_strange": 4.001634514288227,
    "phase_shift": 3.805821120359554
  },
  "results": {
    "proton_mass": 935.8214929725136,
    "proton_charge": 1.0,
    "neutron_mass": 811.2925693090515,
    "neutron_charge": 0.0,
    "pi+_mass": 139.2844695407591,
    "pi+_charge": 1.0,
    "pi0_mass": 133.58931133396968,
    "pi0_charge": 0.0,
    "pi-_mass": 139.2844695407591,
    "pi-_charge": -1.0,
    "k+_mass": 491.0898020192358,
    "k+_charge": 1.0,
    "k0_mass": 496.7849602260252,
    "k0_charge": 0.0,
    "k-_mass": 491.0898020192358,
    "k-_charge": -1.0,
    "k0_bar_mass": 496.7849602260252,
    "k0_bar_charge": 0.0,
    "lambda0_mass": 1203.5162853944278,
    "lambda0_charge": 0.0,
    "m_u_eff_mev": 257.2595938638304,
    "m_d_eff_mev": 262.9547520706198,
    "m_s_eff_mev": 616.9781199882847,
    "mass_ratio_d_u": 1.0221377874436197,
    "mass_ratio_s_u": 2.398270597888202,
    "mass_ratio_s_d": 2.346328085459309,
    "sync_proton": 1.5834755317423295,
    "sync_neutron": 0.28123471303981595,
    "sync_pi+": 3.8092987639369116,
    "sync_k+": 3.8314791183287937,
    "sync_lambda0": 0.6632381947169295
  },
  "timestamp": "2025-12-05T00:02:04.458028"
}