{
  "iteration": 1600000,
  "error": 6408.3515238133605,
  "params": {
    "base_mass_u": 2.5340689713716977,
    "base_mass_d": 4.757909801843466,
    "base_mass_s": 15.004362355061975,
    "freq_u": 0.8826096527687423,
    "freq_d": 0.8138220230621424,
    "freq_s": 0.6270495745937791,
    "amp_u": 1.2123327650037947,
    "amp_d": 0.7116272720287626,
    "amp_s": 0.6433231281750114,
    "coupling_proton": 1.2908511504894613,
    "coupling_neutron": 0.34191692855925465,
    "coupling_lambda0": 1.0045943282806047,
    "coupling_meson_light": 4.253537799103022,
    "coupling_meson_strange": 4.003156302296839,
    "phase_shift": 3.805919171971406
  },
  "results": {
    "proton_mass": 940.9089274601637,
    "proton_charge": 1.0,
    "neutron_mass": 850.3979692933607,
    "neutron_charge": 0.0,
    "pi+_mass": 139.4362296803644,
    "pi+_charge": 1.0,
    "pi0_mass": 135.0372052852175,
    "pi0_charge": 0.0,
    "pi-_mass": 139.4362296803644,
    "pi-_charge": -1.0,
    "k+_mass": 493.13002277335227,
    "k+_charge": 1.0,
    "k0_mass": 497.52904716849923,
    "k0_charge": 0.0,
    "k-_mass": 493.13002277335227,
    "k-_charge": -1.0,
    "k0_bar_mass": 497.52904716849923,
    "k0_bar_charge": 0.0,
    "lambda0_mass": 1218.2706396396356,
    "lambda0_charge": 0.0,
    "m_u_eff_mev": 271.149586683896,
    "m_d_eff_mev": 275.548611079043,
    "m_s_eff_mev": 605.2692162101769,
    "mass_ratio_d_u": 1.0162236072307764,
    "mass_ratio_s_u": 2.2322335933183433,
    "mass_ratio_s_d": 2.196596868479774,
    "sync_proton": 1.2306114301332867,
    "sync_neutron": 0.2815116045137864,
    "sync_pi+": 4.0726196808257455,
    "sync_k+": 3.8328878012072067,
    "sync_lambda0": 0.6630322566651992
  },
  "timestamp": "2025-12-05T00:04:26.157879"
}