{
  "iteration": 450000,
  "error": 294.0910776436969,
  "params": {
    "base_mass_u": 2.5738912605792166,
    "base_mass_d": 3.653663783827388,
    "base_mass_s": 29.54440253775873,
    "freq_u": 0.8707314777946944,
    "freq_d": 1.0027188419690605,
    "freq_s": 0.44547105690071487,
    "amp_u": 1.0663989028831267,
    "amp_d": 0.8073775533949286,
    "amp_s": 0.49233166020395214,
    "coupling_proton": 1.018212672914676,
    "coupling_neutron": 0.4902870384576283,
    "coupling_lambda0": 0.5880531075771405,
    "coupling_meson_light": 3.860599679157115,
    "coupling_meson_strange": 4.079165124081938,
    "phase_shift": 2.829331457480466
  },
  "results": {
    "proton_mass": 870.8560975924406,
    "proton_charge": 1.0,
    "neutron_mass": 870.9461710248863,
    "neutron_charge": 0.0,
    "pi+_mass": 152.46246551785214,
    "pi+_charge": 1.0,
    "pi0_mass": 95.6697501005519,
    "pi0_charge": 0.0,
    "pi-_mass": 152.46246551785214,
    "pi-_charge": -1.0,
    "k+_mass": 482.9930456407215,
    "k+_charge": 1.0,
    "k0_mass": 539.7857610580218,
    "k0_charge": 0.0,
    "k-_mass": 482.9930456407215,
    "k-_charge": -1.0,
    "k0_bar_mass": 539.7857610580218,
    "k0_bar_charge": 0.0,
    "lambda0_mass": 1221.5664439263367,
    "lambda0_charge": 0.0,
    "m_u_eff_mev": 238.99792467464707,
    "m_d_eff_mev": 295.79064009194735,
    "m_s_eff_mev": 647.9663740596509,
    "mass_ratio_d_u": 1.2376284877561736,
    "mass_ratio_s_u": 2.711179918996122,
    "sync_proton": 0.9706960815119913,
    "sync_neutron": 0.40366966166344725,
    "sync_pi+": 3.8232609924874223,
    "sync_k+": 4.039712530935764,
    "sync_lambda0": 0.38811505100091276
  },
  "timestamp": "2025-12-05T00:40:10.119043"
}