{
  "iteration": 1800000,
  "error": 290.5099625084845,
  "params": {
    "base_mass_u": 2.74311484928244,
    "base_mass_d": 3.131437484932945,
    "base_mass_s": 23.9464106913898,
    "freq_u": 0.9041553454088355,
    "freq_d": 1.1269192534500028,
    "freq_s": 0.41737624221748026,
    "amp_u": 0.9409008042156723,
    "amp_d": 0.8161803289062676,
    "amp_s": 0.670413812768215,
    "coupling_proton": 1.0039696572330161,
    "coupling_neutron": 0.49929525282327203,
    "coupling_lambda0": 0.4760224433734052,
    "coupling_meson_light": 3.717697220485606,
    "coupling_meson_strange": 4.361909654306365,
    "phase_shift": 2.827423785865858
  },
  "results": {
    "proton_mass": 850.4565914104827,
    "proton_charge": 1.0,
    "neutron_mass": 850.5110733697041,
    "neutron_charge": 0.0,
    "pi+_mass": 153.25205575404718,
    "pi+_charge": 1.0,
    "pi0_mass": 98.59444228772776,
    "pi0_charge": 0.0,
    "pi-_mass": 153.25205575404718,
    "pi-_charge": -1.0,
    "k+_mass": 471.49744264798915,
    "k+_charge": 1.0,
    "k0_mass": 526.1550561143088,
    "k0_charge": 0.0,
    "k-_mass": 471.49744264798915,
    "k-_charge": -1.0,
    "k0_bar_mass": 526.1550561143088,
    "k0_bar_charge": 0.0,
    "lambda0_mass": 1222.8559041788558,
    "lambda0_charge": 0.0,
    "m_u_eff_mev": 233.36240131820523,
    "m_d_eff_mev": 288.0200147845247,
    "m_s_eff_mev": 670.0560068134811,
    "mass_ratio_d_u": 1.2342177366943965,
    "mass_ratio_s_u": 2.871310901107051,
    "sync_proton": 0.9571177398954754,
    "sync_neutron": 0.411086424824494,
    "sync_pi+": 3.681303603486827,
    "sync_k+": 4.319209654836971,
    "sync_lambda0": 0.3141748126264475
  },
  "timestamp": "2025-12-05T00:44:33.751606"
}