{
  "iteration": 150000,
  "error": 298.3609733794539,
  "params": {
    "base_mass_u": 2.2642372596472113,
    "base_mass_d": 4.980298190939884,
    "base_mass_s": 70.30259657459058,
    "freq_u": 1.008629448918463,
    "freq_d": 0.8482498205535598,
    "freq_s": 0.25125636250772787,
    "amp_u": 1.087911908325026,
    "amp_d": 0.7271428657039044,
    "amp_s": 0.3568382944897783,
    "coupling_proton": 1.018599254579621,
    "coupling_neutron": 0.47456145183456455,
    "coupling_lambda0": 0.49121470611988965,
    "coupling_meson_light": 4.027789989767623,
    "coupling_meson_strange": 4.382052317789936,
    "phase_shift": 2.8344559886360496
  },
  "results": {
    "proton_mass": 901.2001635400268,
    "proton_charge": 1.0,
    "neutron_mass": 901.8953730049736,
    "neutron_charge": 0.0,
    "pi+_mass": 156.62970807403235,
    "pi+_charge": 1.0,
    "pi0_mass": 97.90026254020754,
    "pi0_charge": 0.0,
    "pi-_mass": 156.62970807403235,
    "pi-_charge": -1.0,
    "k+_mass": 444.6691052829803,
    "k+_charge": 1.0,
    "k0_mass": 503.3985508168052,
    "k0_charge": 0.0,
    "k-_mass": 444.6691052829803,
    "k-_charge": -1.0,
    "k0_bar_mass": 503.3985508168052,
    "k0_bar_charge": 0.0,
    "lambda0_mass": 1218.3773801973628,
    "lambda0_charge": 0.0,
    "m_u_eff_mev": 248.45475191209272,
    "m_d_eff_mev": 307.18419744591745,
    "m_s_eff_mev": 630.3182602354398,
    "mass_ratio_d_u": 1.236378837924598,
    "mass_ratio_s_u": 2.536953933803031,
    "sync_proton": 0.9710646226992388,
    "sync_neutron": 0.3907222620104581,
    "sync_pi+": 3.990092412839779,
    "sync_k+": 4.341039068645521,
    "sync_lambda0": 0.32420170603912724
  },
  "timestamp": "2025-12-05T00:39:10.047265"
}