{
  "iteration": 1200000,
  "error": 293.0297236646142,
  "params": {
    "base_mass_u": 2.6104362404005923,
    "base_mass_d": 3.0468883428589364,
    "base_mass_s": 23.618385442095374,
    "freq_u": 0.8602034413714593,
    "freq_d": 1.0706188750839396,
    "freq_s": 0.4366492356448996,
    "amp_u": 1.0255735624856774,
    "amp_d": 0.8804376109741422,
    "amp_s": 0.6449106571589037,
    "coupling_proton": 1.0001940721352602,
    "coupling_neutron": 0.49943790851500275,
    "coupling_lambda0": 0.601631303703607,
    "coupling_meson_light": 3.647817524038657,
    "coupling_meson_strange": 4.216343059086392,
    "phase_shift": 3.0331049572153477
  },
  "results": {
    "proton_mass": 843.1418953167446,
    "proton_charge": 1.0,
    "neutron_mass": 845.820959215958,
    "neutron_charge": 0.0,
    "pi+_mass": 153.14403676869767,
    "pi+_charge": 1.0,
    "pi0_mass": 96.233525793658,
    "pi0_charge": 0.0,
    "pi-_mass": 153.14403676869767,
    "pi-_charge": -1.0,
    "k+_mass": 474.2477695802812,
    "k+_charge": 1.0,
    "k0_mass": 531.158280555321,
    "k0_charge": 0.0,
    "k-_mass": 474.2477695802812,
    "k-_charge": -1.0,
    "k0_bar_mass": 531.158280555321,
    "k0_bar_charge": 0.0,
    "lambda0_mass": 1222.2976763089985,
    "lambda0_charge": 0.0,
    "m_u_eff_mev": 230.29318315493668,
    "m_d_eff_mev": 287.2036941299764,
    "m_s_eff_mev": 665.0931329796474,
    "mass_ratio_d_u": 1.247121995516261,
    "mass_ratio_s_u": 2.888027877630168,
    "sync_proton": 0.9535183487689481,
    "sync_neutron": 0.4112038780106856,
    "sync_pi+": 3.6435284051621535,
    "sync_k+": 4.211385465543028,
    "sync_lambda0": 0.39707666044438067
  },
  "timestamp": "2025-12-05T00:42:40.595884"
}