{
  "iteration": 300000,
  "error": 296.1272801198016,
  "params": {
    "base_mass_u": 1.8865938197794492,
    "base_mass_d": 3.1835826539568997,
    "base_mass_s": 29.115818084822905,
    "freq_u": 1.0456517786868265,
    "freq_d": 0.9756819788399149,
    "freq_s": 0.4362934608518998,
    "amp_u": 1.1906050479996853,
    "amp_d": 0.9378120668171868,
    "amp_s": 0.5031708939470505,
    "coupling_proton": 1.0019150476119145,
    "coupling_neutron": 0.49583139076758725,
    "coupling_lambda0": 0.7017653121558849,
    "coupling_meson_light": 3.692815597357004,
    "coupling_meson_strange": 4.202636093934466,
    "phase_shift": 2.9674362926338786
  },
  "results": {
    "proton_mass": 856.5618519561048,
    "proton_charge": 1.0,
    "neutron_mass": 858.2961701114457,
    "neutron_charge": 0.0,
    "pi+_mass": 158.00854920854528,
    "pi+_charge": 1.0,
    "pi0_mass": 101.58178102073316,
    "pi0_charge": 0.0,
    "pi-_mass": 158.00854920854528,
    "pi-_charge": -1.0,
    "k+_mass": 455.0609623403408,
    "k+_charge": 1.0,
    "k0_mass": 511.4877305281529,
    "k0_charge": 0.0,
    "k-_mass": 455.0609623403408,
    "k-_charge": -1.0,
    "k0_bar_mass": 511.4877305281529,
    "k0_bar_charge": 0.0,
    "lambda0_mass": 1211.6694519801792,
    "lambda0_charge": 0.0,
    "m_u_eff_mev": 234.87306085420784,
    "m_d_eff_mev": 291.29982904201995,
    "m_s_eff_mev": 639.1800514816632,
    "mass_ratio_d_u": 1.2402436787879976,
    "mass_ratio_s_u": 2.721385113971925,
    "sync_proton": 0.955159012056692,
    "sync_neutron": 0.40823451173198017,
    "sync_pi+": 3.681643406876825,
    "sync_k+": 4.189921499955303,
    "sync_lambda0": 0.4631651060228841
  },
  "timestamp": "2025-12-05T00:39:40.006388"
}