{
  "iteration": 750000,
  "error": 293.66764493973335,
  "params": {
    "base_mass_u": 2.1086180952872238,
    "base_mass_d": 5.225633395949605,
    "base_mass_s": 25.420509622743758,
    "freq_u": 0.9185801339815749,
    "freq_d": 0.7961728665245515,
    "freq_s": 0.2732146371575862,
    "amp_u": 1.2279243784665745,
    "amp_d": 0.7095604129599661,
    "amp_s": 0.9343643917160046,
    "coupling_proton": 1.0228700979220418,
    "coupling_neutron": 0.49084672544002184,
    "coupling_lambda0": 0.4830156196327314,
    "coupling_meson_light": 3.8079670436192083,
    "coupling_meson_strange": 4.260129432598173,
    "phase_shift": 2.9744914649492302
  },
  "results": {
    "proton_mass": 868.4086251017238,
    "proton_charge": 1.0,
    "neutron_mass": 868.6802667409091,
    "neutron_charge": 0.0,
    "pi+_mass": 153.31819132401176,
    "pi+_charge": 1.0,
    "pi0_mass": 95.94598074415353,
    "pi0_charge": 0.0,
    "pi-_mass": 153.31819132401176,
    "pi-_charge": -1.0,
    "k+_mass": 461.9546975043652,
    "k+_charge": 1.0,
    "k0_mass": 519.3269080842234,
    "k0_charge": 0.0,
    "k-_mass": 461.9546975043652,
    "k-_charge": -1.0,
    "k0_bar_mass": 519.3269080842234,
    "k0_bar_charge": 0.0,
    "lambda0_mass": 1213.8730327342419,
    "lambda0_charge": 0.0,
    "m_u_eff_mev": 237.84093283998806,
    "m_d_eff_mev": 295.2131434198463,
    "m_s_eff_mev": 648.9399255786471,
    "mass_ratio_d_u": 1.2412209281842015,
    "mass_ratio_s_u": 2.7284619086792503,
    "sync_proton": 0.9751361600190133,
    "sync_neutron": 0.40413047061228463,
    "sync_pi+": 3.797358849358226,
    "sync_k+": 4.248261609142701,
    "sync_lambda0": 0.31879030895760274
  },
  "timestamp": "2025-12-05T00:41:12.021937"
}