{
  "iteration": 1350000,
  "error": 292.00068697992975,
  "params": {
    "base_mass_u": 2.7731905220487483,
    "base_mass_d": 3.262502873115158,
    "base_mass_s": 43.26065885380162,
    "freq_u": 0.914497421677208,
    "freq_d": 0.9898644759736017,
    "freq_s": 0.31308750263428387,
    "amp_u": 0.9264976609243274,
    "amp_d": 0.9002851191368985,
    "amp_s": 0.4868353178160152,
    "coupling_proton": 1.0043338225024983,
    "coupling_neutron": 0.4870614865514872,
    "coupling_lambda0": 0.49501859729284026,
    "coupling_meson_light": 3.725834040718051,
    "coupling_meson_strange": 4.367781284690262,
    "phase_shift": 3.1697691074224665
  },
  "results": {
    "proton_mass": 856.4214001609745,
    "proton_charge": 1.0,
    "neutron_mass": 856.5507854309558,
    "neutron_charge": 0.0,
    "pi+_mass": 153.1542734310865,
    "pi+_charge": 1.0,
    "pi0_mass": 97.37979280860611,
    "pi0_charge": 0.0,
    "pi-_mass": 153.1542734310865,
    "pi-_charge": -1.0,
    "k+_mass": 457.61120242384317,
    "k+_charge": 1.0,
    "k0_mass": 513.3856830463236,
    "k0_charge": 0.0,
    "k-_mass": 457.61120242384317,
    "k-_charge": -1.0,
    "k0_bar_mass": 513.3856830463236,
    "k0_bar_charge": 0.0,
    "lambda0_mass": 1217.7671743536227,
    "lambda0_charge": 0.0,
    "m_u_eff_mev": 234.96680948664084,
    "m_d_eff_mev": 290.7412901091213,
    "m_s_eff_mev": 659.3878473365332,
    "mass_ratio_d_u": 1.2373717409039062,
    "mass_ratio_s_u": 2.806302084865408,
    "sync_proton": 0.957464910785715,
    "sync_neutron": 0.4010139572607244,
    "sync_pi+": 3.7255382616467556,
    "sync_k+": 4.36743454399331,
    "sync_lambda0": 0.3267122742132746
  },
  "timestamp": "2025-12-05T00:43:08.867193"
}