{
  "iteration": 900000,
  "error": 293.0358239869838,
  "params": {
    "base_mass_u": 2.824208899152273,
    "base_mass_d": 3.7633708703848154,
    "base_mass_s": 45.430589149124366,
    "freq_u": 0.8622325406794876,
    "freq_d": 0.7264343065414741,
    "freq_s": 0.2562604561564511,
    "amp_u": 0.9595568881101619,
    "amp_d": 1.0661683063723912,
    "amp_s": 0.5708499123213684,
    "coupling_proton": 1.0022675009143214,
    "coupling_neutron": 0.46338360422157143,
    "coupling_lambda0": 0.5495070945363563,
    "coupling_meson_light": 3.8542223384512595,
    "coupling_meson_strange": 4.56953143820068,
    "phase_shift": 2.5331761237180173
  },
  "results": {
    "proton_mass": 854.3511980137645,
    "proton_charge": 1.0,
    "neutron_mass": 854.7630725116111,
    "neutron_charge": 0.0,
    "pi+_mass": 153.54787077565396,
    "pi+_charge": 1.0,
    "pi0_mass": 95.7384112715514,
    "pi0_charge": 0.0,
    "pi-_mass": 153.54787077565396,
    "pi-_charge": -1.0,
    "k+_mass": 457.6977007151761,
    "k+_charge": 1.0,
    "k0_mass": 515.5071602192786,
    "k0_charge": 0.0,
    "k-_mass": 457.6977007151761,
    "k-_charge": -1.0,
    "k0_bar_mass": 515.5071602192786,
    "k0_bar_charge": 0.0,
    "lambda0_mass": 1225.9921783343243,
    "lambda0_charge": 0.0,
    "m_u_eff_mev": 233.66407891861002,
    "m_d_eff_mev": 291.4735384227125,
    "m_s_eff_mev": 664.5870927536021,
    "mass_ratio_d_u": 1.2474041357646535,
    "mass_ratio_s_u": 2.8441987995300355,
    "sync_proton": 0.9554950175383198,
    "sync_neutron": 0.3815191674757605,
    "sync_pi+": 3.715897465656686,
    "sync_k+": 4.405534709570359,
    "sync_lambda0": 0.3626746823939952
  },
  "timestamp": "2025-12-05T00:41:43.436411"
}