{
  "iteration": 600000,
  "error": 293.9571664753692,
  "params": {
    "base_mass_u": 2.4331583253332965,
    "base_mass_d": 4.9189991337485734,
    "base_mass_s": 25.615252429317025,
    "freq_u": 0.830723587712366,
    "freq_d": 0.7182232448379775,
    "freq_s": 0.32163227011798123,
    "amp_u": 1.1490527070224492,
    "amp_d": 0.8153582826118256,
    "amp_s": 0.8052170448525541,
    "coupling_proton": 1.0067124482455796,
    "coupling_neutron": 0.4929732070467566,
    "coupling_lambda0": 0.3851538702250593,
    "coupling_meson_light": 3.657074714459338,
    "coupling_meson_strange": 4.116756067077019,
    "phase_shift": 2.8737450887287372
  },
  "results": {
    "proton_mass": 848.5463171457341,
    "proton_charge": 1.0,
    "neutron_mass": 848.9663840948213,
    "neutron_charge": 0.0,
    "pi+_mass": 157.217657326846,
    "pi+_charge": 1.0,
    "pi0_mass": 101.41246435852977,
    "pi0_charge": 0.0,
    "pi-_mass": 157.217657326846,
    "pi-_charge": -1.0,
    "k+_mass": 486.9096968404169,
    "k+_charge": 1.0,
    "k0_mass": 542.714889808733,
    "k0_charge": 0.0,
    "k-_mass": 486.9096968404169,
    "k-_charge": -1.0,
    "k0_bar_mass": 542.714889808733,
    "k0_bar_charge": 0.0,
    "lambda0_mass": 1209.1307677927737,
    "lambda0_charge": 0.0,
    "m_u_eff_mev": 232.25595692600197,
    "m_d_eff_mev": 288.0611498943182,
    "m_s_eff_mev": 663.3935055375997,
    "mass_ratio_d_u": 1.2402745389479766,
    "mass_ratio_s_u": 2.8563035123743266,
    "sync_proton": 0.9597325339941193,
    "sync_neutron": 0.4058812738018296,
    "sync_pi+": 3.6309944949347415,
    "sync_k+": 4.087397656231848,
    "sync_lambda0": 0.2542015543485392
  },
  "timestamp": "2025-12-05T00:40:40.639224"
}