{
  "iteration": 1400000,
  "error": 68.39996284232159,
  "params": {
    "base_mass_u": 1.010924808475155,
    "base_mass_d": 2.5760204875832255,
    "base_mass_s": 33.22276111799135,
    "freq_u": 0.5599037625559855,
    "freq_d": 0.5711481454826366,
    "freq_s": 0.21093548832112108,
    "amp_u": 0.5009927528577409,
    "amp_d": 1.0038503819458235,
    "amp_s": 0.6075064942713664,
    "coupling_meson": -0.10152992669372049,
    "coupling_baryon": 1.6267291011157738,
    "phase_shift": 2.7939776343994027,
    "coherence_weights": [
      0.3023140946704817,
      0.6976859053295182
    ]
  },
  "results": {
    "proton_mass": 710.4850754840177,
    "proton_charge": 1.0,
    "proton_base_mass": 204.40987911300564,
    "proton_sync_factor": 3.475786388441794,
    "proton_coherence": 0.7658440187691358,
    "neutron_mass": 1125.2792116849898,
    "neutron_charge": 0.0,
    "neutron_base_mass": 323.74809206542056,
    "neutron_sync_factor": 3.4757863884417945,
    "neutron_coherence": 0.7658440187691359,
    "pi+_mass": 159.42016127874874,
    "pi+_charge": 1.0,
    "pi+_base_mass": 176.05265705947542,
    "pi+_sync_factor": 0.9055254487007954,
    "pi+_coherence": 0.9774447859987627,
    "pi0_mass": 51.34756032936676,
    "pi0_charge": 0.0,
    "pi0_base_mass": 56.714444107060466,
    "pi0_sync_factor": 0.9053700717305351,
    "pi0_coherence": 0.9791349512882002,
    "pi-_mass": 159.42016127874874,
    "pi-_charge": -1.0,
    "pi-_base_mass": 176.05265705947542,
    "pi-_sync_factor": 0.9055254487007954,
    "pi-_coherence": 0.9774447859987627,
    "k+_mass": 412.997763977816,
    "k+_charge": 1.0,
    "k+_base_mass": 454.08922804037235,
    "k+_sync_factor": 0.9095079523469715,
    "k+_coherence": 0.9342224554272683,
    "k0_mass": 521.6017561112869,
    "k0_charge": 0.0,
    "k0_base_mass": 573.4274409927873,
    "k0_sync_factor": 0.9096211984697254,
    "k0_coherence": 0.9329961582399515,
    "k-_mass": 412.997763977816,
    "k-_charge": -1.0,
    "k-_base_mass": 454.08922804037235,
    "k-_sync_factor": 0.9095079523469715,
    "k-_coherence": 0.9342224554272683,
    "k0_bar_mass": 521.6017561112869,
    "k0_bar_charge": 0.0,
    "k0_bar_base_mass": 573.4274409927873,
    "k0_bar_sync_factor": 0.9096211984697254,
    "k0_bar_coherence": 0.9329961582399515,
    "lambda0_mass": 1338.820241778517,
    "lambda0_charge": 0.0,
    "lambda0_base_mass": 601.7846630463175,
    "lambda0_sync_factor": 2.2247496887029703,
    "lambda0_coherence": 0.49156581097728524,
    "m_u_eff_mev": 28.357222053530233,
    "m_d_eff_mev": 147.69543500594517,
    "m_s_eff_mev": 425.7320059868421,
    "mass_ratio_d_u": 5.208388703489323,
    "mass_ratio_s_u": 15.01317742560196,
    "sync_factor_proton": 3.475786388441794,
    "coherence_proton": 0.7658440187691358,
    "sync_factor_neutron": 3.4757863884417945,
    "coherence_neutron": 0.7658440187691359,
    "sync_factor_pi+": 0.9055254487007954,
    "coherence_pi+": 0.9774447859987627,
    "sync_factor_k+": 0.9095079523469715,
    "coherence_k+": 0.9342224554272683,
    "sync_factor_lambda0": 2.2247496887029703,
    "coherence_lambda0": 0.49156581097728524
  },
  "timestamp": "2025-12-05T02:54:04.052793"
}