{
  "iteration": 800000,
  "error": 69.70689421209224,
  "params": {
    "base_mass_u": 1.0034846995328586,
    "base_mass_d": 2.419843417306827,
    "base_mass_s": 31.333664824062428,
    "freq_u": 0.5530169278469002,
    "freq_d": 0.6137888807692915,
    "freq_s": 0.23602150829282392,
    "amp_u": 0.5034054617035121,
    "amp_d": 0.9950516501829879,
    "amp_s": 0.5676796299870384,
    "coupling_meson": -0.10128508818601241,
    "coupling_baryon": 1.6424671096223562,
    "phase_shift": 2.780333691224506,
    "coherence_weights": [
      0.3029345277772086,
      0.6970654722227914
    ]
  },
  "results": {
    "proton_mass": 708.7119997674837,
    "proton_charge": 1.0,
    "proton_base_mass": 203.6647039384415,
    "proton_sync_factor": 3.4797978543287242,
    "proton_coherence": 0.7592080212488126,
    "neutron_mass": 1125.787166053751,
    "neutron_charge": 0.0,
    "neutron_base_mass": 323.52085183721766,
    "neutron_sync_factor": 3.4797978543287242,
    "neutron_coherence": 0.7592080212488126,
    "pi+_mass": 159.3078730394138,
    "pi+_charge": 1.0,
    "pi+_base_mass": 175.72851859188637,
    "pi+_sync_factor": 0.9065567405674884,
    "pi+_coherence": 0.968569603766334,
    "pi0_mass": 50.605663959930105,
    "pi0_charge": 0.0,
    "pi0_base_mass": 55.872370693110305,
    "pi0_sync_factor": 0.9057368307833473,
    "pi0_coherence": 0.9775031118308903,
    "pi-_mass": 159.3078730394138,
    "pi-_charge": -1.0,
    "pi-_base_mass": 175.72851859188637,
    "pi-_sync_factor": 0.9065567405674884,
    "pi-_coherence": 0.968569603766334,
    "k+_mass": 407.25786628740354,
    "k+_charge": 1.0,
    "k+_base_mass": 447.7590479680914,
    "k+_sync_factor": 0.9095469273831982,
    "k+_coherence": 0.9360576877615437,
    "k0_mass": 516.6222473833946,
    "k0_charge": 0.0,
    "k0_base_mass": 567.6151958668675,
    "k0_sync_factor": 0.9101628200675707,
    "k0_coherence": 0.9293744420899113,
    "k-_mass": 407.25786628740354,
    "k-_charge": -1.0,
    "k-_base_mass": 447.7590479680914,
    "k-_sync_factor": 0.9095469273831982,
    "k-_coherence": 0.9360576877615437,
    "k0_bar_mass": 516.6222473833946,
    "k0_bar_charge": 0.0,
    "k0_bar_base_mass": 567.6151958668675,
    "k0_bar_sync_factor": 0.9101628200675707,
    "k0_bar_coherence": 0.9293744420899113,
    "lambda0_mass": 1336.733403563405,
    "lambda0_charge": 0.0,
    "lambda0_base_mass": 595.5513812134226,
    "lambda0_sync_factor": 2.2445307755643866,
    "lambda0_coherence": 0.4922451633612735,
    "m_u_eff_mev": 27.936185346555153,
    "m_d_eff_mev": 147.79233324533124,
    "m_s_eff_mev": 419.8228626215363,
    "mass_ratio_d_u": 5.290354835920922,
    "mass_ratio_s_u": 15.027923727364058,
    "sync_factor_proton": 3.4797978543287242,
    "coherence_proton": 0.7592080212488126,
    "sync_factor_neutron": 3.4797978543287242,
    "coherence_neutron": 0.7592080212488126,
    "sync_factor_pi+": 0.9065567405674884,
    "coherence_pi+": 0.968569603766334,
    "sync_factor_k+": 0.9095469273831982,
    "coherence_k+": 0.9360576877615437,
    "sync_factor_lambda0": 2.2445307755643866,
    "coherence_lambda0": 0.4922451633612735
  },
  "timestamp": "2025-12-05T02:28:58.034931"
}