{
  "iteration": 500000,
  "error": 87.21711608368034,
  "params": {
    "base_mass_u": 1.0638938679768923,
    "base_mass_d": 2.2850343382342904,
    "base_mass_s": 38.06643930273758,
    "freq_u": 0.5260217190350926,
    "freq_d": 0.5864140248290155,
    "freq_s": 0.21344800685299023,
    "amp_u": 0.553794807448592,
    "amp_d": 1.0683593049857647,
    "amp_s": 0.5971905712424269,
    "coupling_meson": -0.10379780269057903,
    "coupling_baryon": 1.6624963106835524,
    "phase_shift": 2.8118589839907115,
    "coherence_weights": [
      0.32591558998241915,
      0.6740844100175808
    ]
  },
  "results": {
    "proton_mass": 733.365942776123,
    "proton_charge": 1.0,
    "proton_base_mass": 205.1417819078555,
    "proton_sync_factor": 3.5749223583596073,
    "proton_coherence": 0.7662834797179006,
    "neutron_mass": 1134.3489416290793,
    "neutron_charge": 0.0,
    "neutron_base_mass": 317.30729451410735,
    "neutron_sync_factor": 3.5749223583596073,
    "neutron_coherence": 0.7662834797179006,
    "pi+_mass": 157.43200481279723,
    "pi+_charge": 1.0,
    "pi+_base_mass": 174.1496921406543,
    "pi+_sync_factor": 0.9040039225888795,
    "pi+_coherence": 0.9722901336671927,
    "pi0_mass": 55.97840719416014,
    "pi0_charge": 0.0,
    "pi0_base_mass": 61.984179534402436,
    "pi0_sync_factor": 0.9031079803692653,
    "pi0_coherence": 0.9818430687649777,
    "pi-_mass": 157.43200481279723,
    "pi-_charge": -1.0,
    "pi-_base_mass": 174.1496921406543,
    "pi-_sync_factor": 0.9040039225888795,
    "pi-_coherence": 0.9722901336671927,
    "k+_mass": 468.340524291205,
    "k+_charge": 1.0,
    "k+_base_mass": 516.2217069701958,
    "k+_sync_factor": 0.9072468630580944,
    "k+_coherence": 0.9377914369046902,
    "k0_mass": 570.5269849052396,
    "k0_charge": 0.0,
    "k0_base_mass": 628.3872195764476,
    "k0_sync_factor": 0.907922642490712,
    "k0_coherence": 0.9306179610848737,
    "k-_mass": 468.340524291205,
    "k-_charge": -1.0,
    "k-_base_mass": 516.2217069701958,
    "k-_sync_factor": 0.9072468630580944,
    "k-_coherence": 0.9377914369046902,
    "k0_bar_mass": 570.5269849052396,
    "k0_bar_charge": 0.0,
    "k0_bar_base_mass": 628.3872195764476,
    "k0_bar_sync_factor": 0.907922642490712,
    "k0_bar_coherence": 0.9306179610848737,
    "lambda0_mass": 1526.2432202722573,
    "lambda0_charge": 0.0,
    "lambda0_base_mass": 659.3793093436489,
    "lambda0_sync_factor": 2.314666533579119,
    "lambda0_coherence": 0.5048225525669676,
    "m_u_eff_mev": 30.992089767201218,
    "m_d_eff_mev": 143.15760237345307,
    "m_s_eff_mev": 485.2296172029946,
    "mass_ratio_d_u": 4.619165840341496,
    "mass_ratio_s_u": 15.65656336335573,
    "sync_factor_proton": 3.5749223583596073,
    "coherence_proton": 0.7662834797179006,
    "sync_factor_neutron": 3.5749223583596073,
    "coherence_neutron": 0.7662834797179006,
    "sync_factor_pi+": 0.9040039225888795,
    "coherence_pi+": 0.9722901336671927,
    "sync_factor_k+": 0.9072468630580944,
    "coherence_k+": 0.9377914369046902,
    "sync_factor_lambda0": 2.314666533579119,
    "coherence_lambda0": 0.5048225525669676
  },
  "timestamp": "2025-12-05T02:17:21.330327"
}