{
  "iteration": 200000,
  "error": 143.70173934894393,
  "params": {
    "base_mass_u": 1.4776567750556857,
    "base_mass_d": 4.1140895965655035,
    "base_mass_s": 30.401968013145805,
    "freq_u": 0.5673250371311623,
    "freq_d": 0.578559940811414,
    "freq_s": 0.5052137238609866,
    "amp_u": 0.5100589482183671,
    "amp_d": 1.1284696874975433,
    "amp_s": 0.4329862878556109,
    "coupling_meson": -0.7596447833594544,
    "coupling_baryon": 0.7428128510856566,
    "phase_shift": 2.862550920203964,
    "coherence_weights": [
      0.3,
      0.7
    ]
  },
  "results": {
    "proton_mass": 625.127477067783,
    "proton_charge": 1.0,
    "proton_base_mass": 354.1213829859627,
    "proton_sync_factor": 1.7652915274324537,
    "proton_coherence": 0.7650861818898067,
    "neutron_mass": 1023.8095128068604,
    "neutron_charge": 0.0,
    "neutron_base_mass": 579.9662531071855,
    "neutron_sync_factor": 1.7652915274324537,
    "neutron_coherence": 0.7650861818898067,
    "pi+_mass": 147.35878670089133,
    "pi+_charge": 1.0,
    "pi+_base_mass": 311.36254536438275,
    "pi+_sync_factor": 0.4732707542856179,
    "pi+_coherence": 0.9847861150875639,
    "pi0_mass": 40.42152411841135,
    "pi0_charge": 0.0,
    "pi0_base_mass": 85.51767524315997,
    "pi0_sync_factor": 0.4726686501179697,
    "pi0_coherence": 0.986461936791885,
    "pi-_mass": 147.35878670089133,
    "pi-_charge": -1.0,
    "pi-_base_mass": 311.36254536438275,
    "pi-_sync_factor": 0.4732707542856179,
    "pi-_coherence": 0.9847861150875639,
    "k+_mass": 336.86101259205986,
    "k+_charge": 1.0,
    "k+_base_mass": 707.8037572297172,
    "k+_sync_factor": 0.47592430691595194,
    "k+_coherence": 0.9774258610664173,
    "k0_mass": 444.8785869959208,
    "k0_charge": 0.0,
    "k0_base_mass": 933.64862735094,
    "k0_sync_factor": 0.4764946618710121,
    "k0_coherence": 0.9758492060741506,
    "k-_mass": 336.86101259205986,
    "k-_charge": -1.0,
    "k-_base_mass": 707.8037572297172,
    "k-_sync_factor": 0.47592430691595194,
    "k-_coherence": 0.9774258610664173,
    "k0_bar_mass": 444.8785869959208,
    "k0_bar_charge": 0.0,
    "k0_bar_base_mass": 933.64862735094,
    "k0_bar_sync_factor": 0.4764946618710121,
    "k0_bar_coherence": 0.9758492060741506,
    "lambda0_mass": 1440.986923780238,
    "lambda0_charge": 0.0,
    "lambda0_base_mass": 976.4074649725198,
    "lambda0_sync_factor": 1.4758049026394868,
    "lambda0_coherence": 0.5239590794496597,
    "m_u_eff_mev": 42.758837621579985,
    "m_d_eff_mev": 268.6037077428027,
    "m_s_eff_mev": 665.0449196081372,
    "mass_ratio_d_u": 6.281829036606948,
    "mass_ratio_s_u": 15.553390985364281,
    "sync_factor_proton": 1.7652915274324537,
    "coherence_proton": 0.7650861818898067,
    "sync_factor_neutron": 1.7652915274324537,
    "coherence_neutron": 0.7650861818898067,
    "sync_factor_pi+": 0.4732707542856179,
    "coherence_pi+": 0.9847861150875639,
    "sync_factor_k+": 0.47592430691595194,
    "coherence_k+": 0.9774258610664173,
    "sync_factor_lambda0": 1.4758049026394868,
    "coherence_lambda0": 0.5239590794496597
  },
  "timestamp": "2025-12-05T02:02:54.432557"
}