{
  "iteration": 900000,
  "error": 68.48254618877338,
  "params": {
    "base_mass_u": 1.0125332769285922,
    "base_mass_d": 2.538604741432345,
    "base_mass_s": 32.8189608889095,
    "freq_u": 0.5616194763048689,
    "freq_d": 0.5761477108092313,
    "freq_s": 0.2134424555410235,
    "amp_u": 0.5014223983902402,
    "amp_d": 1.011562574312886,
    "amp_s": 0.6106581166359326,
    "coupling_meson": -0.104482194579328,
    "coupling_baryon": 1.6261787926907767,
    "phase_shift": 2.785282224232687,
    "coherence_weights": [
      0.3,
      0.7
    ]
  },
  "results": {
    "proton_mass": 710.7569792519529,
    "proton_charge": 1.0,
    "proton_base_mass": 204.97989887336078,
    "proton_sync_factor": 3.4674472138903125,
    "proton_coherence": 0.7646260396315518,
    "neutron_mass": 1124.9036036899136,
    "neutron_charge": 0.0,
    "neutron_base_mass": 324.41837879568607,
    "neutron_sync_factor": 3.4674472138903125,
    "neutron_coherence": 0.7646260396315518,
    "pi+_mass": 159.36058738546967,
    "pi+_charge": 1.0,
    "pi+_base_mass": 176.46609255634894,
    "pi+_sync_factor": 0.9030663345967319,
    "pi+_coherence": 0.9758530478204808,
    "pi0_mass": 51.488076956712995,
    "pi0_charge": 0.0,
    "pi0_base_mass": 57.02761263402366,
    "pi0_sync_factor": 0.9028622202219686,
    "pi0_coherence": 0.9780165669395766,
    "pi-_mass": 159.36058738546967,
    "pi-_charge": -1.0,
    "pi-_base_mass": 176.46609255634894,
    "pi-_sync_factor": 0.9030663345967319,
    "pi-_coherence": 0.9758530478204808,
    "k+_mass": 413.87466008744883,
    "k+_charge": 1.0,
    "k+_base_mass": 456.2773499881729,
    "k+_sync_factor": 0.9070681682932034,
    "k+_coherence": 0.9335339298532228,
    "k0_mass": 522.2992366339747,
    "k0_charge": 0.0,
    "k0_base_mass": 575.7158299104982,
    "k0_sync_factor": 0.907217084364646,
    "k0_coherence": 0.9319627579264375,
    "k-_mass": 413.87466008744883,
    "k-_charge": -1.0,
    "k-_base_mass": 456.2773499881729,
    "k-_sync_factor": 0.9070681682932034,
    "k-_coherence": 0.9335339298532228,
    "k0_bar_mass": 522.2992366339747,
    "k0_bar_charge": 0.0,
    "k0_bar_base_mass": 575.7158299104982,
    "k0_bar_sync_factor": 0.907217084364646,
    "k0_bar_coherence": 0.9319627579264375,
    "lambda0_mass": 1341.0390858761552,
    "lambda0_charge": 0.0,
    "lambda0_base_mass": 604.2296362275101,
    "lambda0_sync_factor": 2.219419580689377,
    "lambda0_coherence": 0.4902571077323232,
    "m_u_eff_mev": 28.51380631701183,
    "m_d_eff_mev": 147.95228623933713,
    "m_s_eff_mev": 427.7635436711611,
    "mass_ratio_d_u": 5.188794670007498,
    "mass_ratio_s_u": 15.001979704686075,
    "sync_factor_proton": 3.4674472138903125,
    "coherence_proton": 0.7646260396315518,
    "sync_factor_neutron": 3.4674472138903125,
    "coherence_neutron": 0.7646260396315518,
    "sync_factor_pi+": 0.9030663345967319,
    "coherence_pi+": 0.9758530478204808,
    "sync_factor_k+": 0.9070681682932034,
    "coherence_k+": 0.9335339298532228,
    "sync_factor_lambda0": 2.219419580689377,
    "coherence_lambda0": 0.4902571077323232
  },
  "timestamp": "2025-12-05T02:32:42.940539"
}