{
  "iteration": 100000,
  "error": 173.11499199451958,
  "params": {
    "base_mass_u": 1.1307447899077554,
    "base_mass_d": 2.4204731770294785,
    "base_mass_s": 65.10760657190876,
    "freq_u": 0.7245655073330429,
    "freq_d": 0.8931155320023799,
    "freq_s": 0.2509488620654461,
    "amp_u": 0.5022390087706713,
    "amp_d": 0.8185408421102727,
    "amp_s": 0.47118384367681226,
    "coupling_meson": -0.5075371383374475,
    "coupling_baryon": 0.9449221647242638,
    "phase_shift": 3.350331341200481,
    "coherence_weights": [
      0.5,
      0.5
    ]
  },
  "results": {
    "proton_mass": 550.2845421905939,
    "proton_charge": 1.0,
    "proton_base_mass": 259.24581489802074,
    "proton_sync_factor": 2.1226361644721585,
    "proton_coherence": 0.7965299345453714,
    "neutron_mass": 838.5399957574859,
    "neutron_charge": 0.0,
    "neutron_base_mass": 395.0465038675189,
    "neutron_sync_factor": 2.1226361644721585,
    "neutron_coherence": 0.7965299345453714,
    "pi+_mass": 134.2740907184323,
    "pi+_charge": 1.0,
    "pi+_base_mass": 218.09743958851323,
    "pi+_sync_factor": 0.6156610135899288,
    "pi+_coherence": 0.9557108887112085,
    "pi0_mass": 49.67733310552342,
    "pi0_charge": 0.0,
    "pi0_base_mass": 82.29675061901511,
    "pi0_sync_factor": 0.6036366288081026,
    "pi0_coherence": 0.9945732674324551,
    "pi-_mass": 134.2740907184323,
    "pi-_charge": -1.0,
    "pi-_base_mass": 218.09743958851323,
    "pi-_sync_factor": 0.6156610135899288,
    "pi-_coherence": 0.9557108887112085,
    "k+_mass": 513.9234185342306,
    "k+_charge": 1.0,
    "k+_base_mass": 811.0005692923176,
    "k+_sync_factor": 0.6336905767929142,
    "k+_coherence": 0.8988396285572282,
    "k0_mass": 607.8837363737799,
    "k0_charge": 0.0,
    "k0_base_mass": 946.8012582618157,
    "k0_sync_factor": 0.6420394259823468,
    "k0_coherence": 0.8730505267886444,
    "k-_mass": 513.9234185342306,
    "k-_charge": -1.0,
    "k-_base_mass": 811.0005692923176,
    "k-_sync_factor": 0.6336905767929142,
    "k-_coherence": 0.8988396285572282,
    "k0_bar_mass": 607.8837363737799,
    "k0_bar_charge": 0.0,
    "k0_bar_base_mass": 946.8012582618157,
    "k0_bar_sync_factor": 0.6420394259823468,
    "k0_bar_coherence": 0.8730505267886444,
    "lambda0_mass": 1676.7212515631684,
    "lambda0_charge": 0.0,
    "lambda0_base_mass": 987.9496335713233,
    "lambda0_sync_factor": 1.6971728057654272,
    "lambda0_coherence": 0.5597961726007605,
    "m_u_eff_mev": 41.14837530950756,
    "m_d_eff_mev": 176.94906427900565,
    "m_s_eff_mev": 769.8521939828101,
    "mass_ratio_d_u": 4.300268551262111,
    "mass_ratio_s_u": 18.70917595633312,
    "sync_factor_proton": 2.1226361644721585,
    "coherence_proton": 0.7965299345453714,
    "sync_factor_neutron": 2.1226361644721585,
    "coherence_neutron": 0.7965299345453714,
    "sync_factor_pi+": 0.6156610135899288,
    "coherence_pi+": 0.9557108887112085,
    "sync_factor_k+": 0.6336905767929142,
    "coherence_k+": 0.8988396285572282,
    "sync_factor_lambda0": 1.6971728057654272,
    "coherence_lambda0": 0.5597961726007605
  },
  "timestamp": "2025-12-05T01:59:35.883074"
}