{
  "iteration": 300000,
  "error": 138.73358612435035,
  "params": {
    "base_mass_u": 1.0686040755442265,
    "base_mass_d": 3.4469284010663976,
    "base_mass_s": 34.10178475036447,
    "freq_u": 0.6982919574923521,
    "freq_d": 0.7097623287962084,
    "freq_s": 0.4505723273821648,
    "amp_u": 0.5279734980023105,
    "amp_d": 0.831034332208252,
    "amp_s": 0.415491354378966,
    "coupling_meson": -0.5574707758706658,
    "coupling_baryon": 0.6682941096529459,
    "phase_shift": 2.5334696811730004,
    "coherence_weights": [
      0.4927436458921916,
      0.5072563541078084
    ]
  },
  "results": {
    "proton_mass": 490.6892028239855,
    "proton_charge": 1.0,
    "proton_base_mass": 282.1070582471214,
    "proton_sync_factor": 1.739372300263928,
    "proton_coherence": 0.8282645218200309,
    "neutron_mass": 775.7989110645724,
    "neutron_charge": 0.0,
    "neutron_base_mass": 446.0223443519565,
    "neutron_sync_factor": 1.739372300263928,
    "neutron_coherence": 0.828264521820031,
    "pi+_mass": 142.78076235140563,
    "pi+_charge": 1.0,
    "pi+_base_mass": 242.7098008663593,
    "pi+_sync_factor": 0.5882776955926203,
    "pi+_coherence": 0.951720151292065,
    "pi0_mass": 46.280504261645156,
    "pi0_charge": 0.0,
    "pi0_base_mass": 78.79451476152417,
    "pi0_sync_factor": 0.5873569296253119,
    "pi0_coherence": 0.954530012504356,
    "pi-_mass": 142.78076235140563,
    "pi-_charge": -1.0,
    "pi-_base_mass": 242.7098008663593,
    "pi-_sync_factor": 0.5882776955926203,
    "pi-_coherence": 0.951720151292065,
    "k+_mass": 410.3548724220734,
    "k+_charge": 1.0,
    "k+_base_mass": 677.8130408316538,
    "k+_sync_factor": 0.6054101171004054,
    "k+_coherence": 0.9002250751516601,
    "k0_mass": 510.22361635917434,
    "k0_charge": 0.0,
    "k0_base_mass": 841.7283269364889,
    "k0_sync_factor": 0.60616186960959,
    "k0_coherence": 0.8979990318450839,
    "k-_mass": 410.3548724220734,
    "k-_charge": -1.0,
    "k-_base_mass": 677.8130408316538,
    "k-_sync_factor": 0.6054101171004054,
    "k-_coherence": 0.9002250751516601,
    "k0_bar_mass": 510.22361635917434,
    "k0_bar_charge": 0.0,
    "k0_bar_base_mass": 841.7283269364889,
    "k0_bar_sync_factor": 0.60616186960959,
    "k0_bar_coherence": 0.8979990318450839,
    "lambda0_mass": 1323.8868779744,
    "lambda0_charge": 0.0,
    "lambda0_base_mass": 881.1255843172511,
    "lambda0_sync_factor": 1.5024951057348164,
    "lambda0_coherence": 0.6092035289955122,
    "m_u_eff_mev": 39.397257380762085,
    "m_d_eff_mev": 203.31254348559722,
    "m_s_eff_mev": 638.4157834508917,
    "mass_ratio_d_u": 5.160576065502365,
    "mass_ratio_s_u": 16.20457427482335,
    "sync_factor_proton": 1.739372300263928,
    "coherence_proton": 0.8282645218200309,
    "sync_factor_neutron": 1.739372300263928,
    "coherence_neutron": 0.828264521820031,
    "sync_factor_pi+": 0.5882776955926203,
    "coherence_pi+": 0.951720151292065,
    "sync_factor_k+": 0.6054101171004054,
    "coherence_k+": 0.9002250751516601,
    "sync_factor_lambda0": 1.5024951057348164,
    "coherence_lambda0": 0.6092035289955122
  },
  "timestamp": "2025-12-05T02:06:21.993551"
}