{
  "iteration": 400000,
  "error": 99.06689887183519,
  "params": {
    "base_mass_u": 1.001378623559464,
    "base_mass_d": 2.389137932455116,
    "base_mass_s": 39.22342310572441,
    "freq_u": 0.602296762722623,
    "freq_d": 0.6091623535783777,
    "freq_s": 0.3106904384296113,
    "amp_u": 0.5032351570483897,
    "amp_d": 1.18247287919053,
    "amp_s": 0.4084692340979196,
    "coupling_meson": -0.33978907551486837,
    "coupling_baryon": 1.3123980014843013,
    "phase_shift": 2.537468262654743,
    "coherence_weights": [
      0.3050124317518894,
      0.6949875682481107
    ]
  },
  "results": {
    "proton_mass": 637.2992838930679,
    "proton_charge": 1.0,
    "proton_base_mass": 232.79684917819532,
    "proton_sync_factor": 2.7375769308855404,
    "proton_coherence": 0.7673534981121235,
    "neutron_mass": 1025.3300641738101,
    "neutron_charge": 0.0,
    "neutron_base_mass": 374.53926960223913,
    "neutron_sync_factor": 2.7375769308855413,
    "neutron_coherence": 0.7673534981121237,
    "pi+_mass": 147.22099064357977,
    "pi+_charge": 1.0,
    "pi+_base_mass": 202.4453729268115,
    "pi+_sync_factor": 0.7272134132539716,
    "pi+_coherence": 0.9374500658609906,
    "pi0_mass": 44.1283524750715,
    "pi0_charge": 0.0,
    "pi0_base_mass": 60.70295250276768,
    "pi0_sync_factor": 0.726955620042691,
    "pi0_coherence": 0.9384935291461598,
    "pi-_mass": 147.22099064357977,
    "pi-_charge": -1.0,
    "pi-_base_mass": 202.4453729268115,
    "pi-_sync_factor": 0.7272134132539716,
    "pi-_coherence": 0.9374500658609906,
    "k+_mass": 389.0210038541382,
    "k+_charge": 1.0,
    "k+_base_mass": 528.1260758696305,
    "k+_sync_factor": 0.7366063173714019,
    "k+_coherence": 0.8996807744666309,
    "k0_mass": 493.56269968940137,
    "k0_charge": 0.0,
    "k0_base_mass": 669.8684962936744,
    "k0_sync_factor": 0.7368053616795565,
    "k0_coherence": 0.8988856296329406,
    "k-_mass": 389.0210038541382,
    "k-_charge": -1.0,
    "k-_base_mass": 528.1260758696305,
    "k-_sync_factor": 0.7366063173714019,
    "k-_coherence": 0.8996807744666309,
    "k0_bar_mass": 493.56269968940137,
    "k0_bar_charge": 0.0,
    "k0_bar_base_mass": 669.8684962936744,
    "k0_bar_sync_factor": 0.7368053616795565,
    "k0_bar_coherence": 0.8988856296329406,
    "lambda0_mass": 1348.6243313823913,
    "lambda0_charge": 0.0,
    "lambda0_base_mass": 700.2199725450582,
    "lambda0_sync_factor": 1.9260009486456189,
    "lambda0_coherence": 0.49942609268039423,
    "m_u_eff_mev": 30.35147625138384,
    "m_d_eff_mev": 172.09389667542766,
    "m_s_eff_mev": 497.77459961824667,
    "mass_ratio_d_u": 5.670033814832359,
    "mass_ratio_s_u": 16.40034229292393,
    "sync_factor_proton": 2.7375769308855404,
    "coherence_proton": 0.7673534981121235,
    "sync_factor_neutron": 2.7375769308855413,
    "coherence_neutron": 0.7673534981121237,
    "sync_factor_pi+": 0.7272134132539716,
    "coherence_pi+": 0.9374500658609906,
    "sync_factor_k+": 0.7366063173714019,
    "coherence_k+": 0.8996807744666309,
    "sync_factor_lambda0": 1.9260009486456189,
    "coherence_lambda0": 0.49942609268039423
  },
  "timestamp": "2025-12-05T02:10:47.685873"
}