{
  "iteration": 700000,
  "error": 70.46371498888267,
  "params": {
    "base_mass_u": 1.0078644257427316,
    "base_mass_d": 2.3444113009932126,
    "base_mass_s": 32.28477108579653,
    "freq_u": 0.5473169307862302,
    "freq_d": 0.6055562189315564,
    "freq_s": 0.2327306564892473,
    "amp_u": 0.5063221339190938,
    "amp_d": 1.0058546840159384,
    "amp_s": 0.5582330544062376,
    "coupling_meson": -0.10361536321481908,
    "coupling_baryon": 1.684333219301173,
    "phase_shift": 2.764380786777122,
    "coherence_weights": [
      0.3053400054284317,
      0.6946599945715682
    ]
  },
  "results": {
    "proton_mass": 714.9145780450211,
    "proton_charge": 1.0,
    "proton_base_mass": 198.65806901071684,
    "proton_sync_factor": 3.598719053321988,
    "proton_coherence": 0.7602877797264329,
    "neutron_mass": 1128.2945858411517,
    "neutron_charge": 0.0,
    "neutron_base_mass": 313.5267213481474,
    "neutron_sync_factor": 3.598719053321988,
    "neutron_coherence": 0.7602877797264329,
    "pi+_mass": 154.45197756277273,
    "pi+_charge": 1.0,
    "pi+_base_mass": 170.72826345295474,
    "pi+_sync_factor": 0.9046655453467608,
    "pi+_coherence": 0.9669412298689259,
    "pi0_mass": 50.489046689927385,
    "pi0_charge": 0.0,
    "pi0_base_mass": 55.85961111552417,
    "pi0_sync_factor": 0.9038560362604418,
    "pi0_coherence": 0.975581034123399,
    "pi-_mass": 154.45197756277273,
    "pi-_charge": -1.0,
    "pi-_base_mass": 170.72826345295474,
    "pi-_sync_factor": 0.9046655453467608,
    "pi-_coherence": 0.9669412298689259,
    "k+_mass": 406.0977837057985,
    "k+_charge": 1.0,
    "k+_base_mass": 447.3669177134836,
    "k+_sync_factor": 0.9077510375183444,
    "k+_coherence": 0.9340808421589729,
    "k0_mass": 510.7124890351081,
    "k0_charge": 0.0,
    "k0_base_mass": 562.2355700509142,
    "k0_sync_factor": 0.9083603319314351,
    "k0_coherence": 0.9276050846638777,
    "k-_mass": 406.0977837057985,
    "k-_charge": -1.0,
    "k-_base_mass": 447.3669177134836,
    "k-_sync_factor": 0.9077510375183444,
    "k-_coherence": 0.9340808421589729,
    "k0_bar_mass": 510.7124890351081,
    "k0_bar_charge": 0.0,
    "k0_bar_base_mass": 562.2355700509142,
    "k0_bar_sync_factor": 0.9083603319314351,
    "k0_bar_coherence": 0.9276050846638777,
    "lambda0_mass": 1356.062540146077,
    "lambda0_charge": 0.0,
    "lambda0_base_mass": 590.1653756086763,
    "lambda0_sync_factor": 2.2977670263144137,
    "lambda0_coherence": 0.49392708265179386,
    "m_u_eff_mev": 27.929805557762084,
    "m_d_eff_mev": 142.79845789519266,
    "m_s_eff_mev": 419.43711215572154,
    "mass_ratio_d_u": 5.112762335558292,
    "mass_ratio_s_u": 15.017545012559319,
    "sync_factor_proton": 3.598719053321988,
    "coherence_proton": 0.7602877797264329,
    "sync_factor_neutron": 3.598719053321988,
    "coherence_neutron": 0.7602877797264329,
    "sync_factor_pi+": 0.9046655453467608,
    "coherence_pi+": 0.9669412298689259,
    "sync_factor_k+": 0.9077510375183444,
    "coherence_k+": 0.9340808421589729,
    "sync_factor_lambda0": 2.2977670263144137,
    "coherence_lambda0": 0.49392708265179386
  },
  "timestamp": "2025-12-05T02:25:40.414023"
}