{
  "iteration": 600000,
  "error": 75.26245961521771,
  "params": {
    "base_mass_u": 1.0071872925030583,
    "base_mass_d": 2.630639814561626,
    "base_mass_s": 37.6790142659294,
    "freq_u": 0.5537292373766647,
    "freq_d": 0.540507325117636,
    "freq_s": 0.20734047695952923,
    "amp_u": 0.5044065204871475,
    "amp_d": 1.0600601171383657,
    "amp_s": 0.5494176661147013,
    "coupling_meson": -0.142473297315585,
    "coupling_baryon": 1.5678804009289589,
    "phase_shift": 2.926150905203292,
    "coherence_weights": [
      0.3245432229153224,
      0.6754567770846776
    ]
  },
  "results": {
    "proton_mass": 695.3312685673044,
    "proton_charge": 1.0,
    "proton_base_mass": 206.9902538344412,
    "proton_sync_factor": 3.359246417096803,
    "proton_coherence": 0.7728374354807717,
    "neutron_mass": 1107.1635560235422,
    "neutron_charge": 0.0,
    "neutron_base_mass": 329.58688305468144,
    "neutron_sync_factor": 3.359246417096805,
    "neutron_coherence": 0.7728374354807719,
    "pi+_mass": 155.32827664203646,
    "pi+_charge": 1.0,
    "pi+_base_mass": 178.85904562970757,
    "pi+_sync_factor": 0.8684395921669685,
    "pi+_coherence": 0.9900609629285912,
    "pi0_mass": 48.845674511886514,
    "pi0_charge": 0.0,
    "pi0_base_mass": 56.26241640946733,
    "pi0_sync_factor": 0.8681759090544005,
    "pi0_coherence": 0.9921924130144062,
    "pi-_mass": 155.32827664203646,
    "pi-_charge": -1.0,
    "pi-_base_mass": 178.85904562970757,
    "pi-_sync_factor": 0.8684395921669685,
    "pi-_coherence": 0.9900609629285912,
    "k+_mass": 399.7863738032735,
    "k+_charge": 1.0,
    "k+_base_mass": 457.3574299754046,
    "k+_sync_factor": 0.874122398809117,
    "k+_coherence": 0.9442812882324092,
    "k0_mass": 506.8376189727707,
    "k0_charge": 0.0,
    "k0_base_mass": 579.9540591956448,
    "k0_sync_factor": 0.8739271860183521,
    "k0_coherence": 0.9458489452272089,
    "k-_mass": 399.7863738032735,
    "k-_charge": -1.0,
    "k-_base_mass": 457.3574299754046,
    "k-_sync_factor": 0.874122398809117,
    "k-_coherence": 0.9442812882324092,
    "k0_bar_mass": 506.8376189727707,
    "k0_bar_charge": 0.0,
    "k0_bar_base_mass": 579.9540591956448,
    "k0_bar_sync_factor": 0.8739271860183521,
    "k0_bar_coherence": 0.9458489452272089,
    "lambda0_mass": 1341.9602152001657,
    "lambda0_charge": 0.0,
    "lambda0_base_mass": 608.0852674003785,
    "lambda0_sync_factor": 2.206861910891496,
    "lambda0_coherence": 0.5048673075788896,
    "m_u_eff_mev": 28.131208204733664,
    "m_d_eff_mev": 150.7278374249739,
    "m_s_eff_mev": 429.226221770671,
    "mass_ratio_d_u": 5.3580292864780255,
    "mass_ratio_s_u": 15.258008779674265,
    "sync_factor_proton": 3.359246417096803,
    "coherence_proton": 0.7728374354807717,
    "sync_factor_neutron": 3.359246417096805,
    "coherence_neutron": 0.7728374354807719,
    "sync_factor_pi+": 0.8684395921669685,
    "coherence_pi+": 0.9900609629285912,
    "sync_factor_k+": 0.874122398809117,
    "coherence_k+": 0.9442812882324092,
    "sync_factor_lambda0": 2.206861910891496,
    "coherence_lambda0": 0.5048673075788896
  },
  "timestamp": "2025-12-05T02:21:57.658621"
}