{
  "model": "v21.5.0",
  "timestamp": "2025-12-05T21:30:51.324446",
  "total_error": 2.2076010492702265,
  "parameters": {
    "E0": 73.7465041406171,
    "alpha": 2.118383522110042,
    "beta": 0.0,
    "gamma": 0.0,
    "delta": 2.6921851216618853
  },
  "predictions": {
    "proton": 467.8624820176112,
    "neutron": 485.638568033411,
    "pi+": 156.22337918470325,
    "pi0": 134.97699961558362,
    "pi-": 156.22337918470325
  },
  "targets": {
    "proton": 938.272,
    "neutron": 939.565,
    "pi+": 139.57,
    "pi0": 134.977,
    "pi-": 139.57
  }
}