{
  "iteration": 400000,
  "error": 11.071185830069659,
  "params": [
    2.4907670565741458,
    3.2602486294268385,
    8.414741082935164,
    1.0308368507145784,
    0.2160918181608237,
    0.13527134132254515,
    0.006245613941126272,
    0.9034576513000253,
    0.8230811529442982,
    0.7252636367860511,
    0.5163129023225983,
    -1.351863082211489,
    0.7301258186148015
  ],
  "timestamp": "2025-12-05T22:34:55.927850"
}