{
  "iteration": 1200000,
  "error": 9.791675147805174,
  "params": [
    2.5347534339955877,
    3.2176137149548723,
    8.132958645051932,
    1.0029486604018196,
    0.20104490883082146,
    0.13313049692191106,
    0.002434475270778509,
    0.9,
    0.8009536493990231,
    0.7484764462119959,
    0.5,
    -1.3874100181281708,
    0.7496544366576587
  ],
  "timestamp": "2025-12-05T22:36:04.715790"
}