{
  "iteration": 1000000,
  "error": 9.859213710560496,
  "params": [
    2.508869246042533,
    3.2133589868433394,
    8.073431001113725,
    1.0030382624836451,
    0.20011642307400876,
    0.2471037882211158,
    0.002543752633812244,
    0.9000333751934094,
    0.8006736892411144,
    0.758802128024779,
    0.5,
    -1.3298372168173722,
    0.7487298826640985
  ],
  "timestamp": "2025-12-05T22:35:49.749046"
}