{
  "iteration": 600000,
  "error": 10.652493724806131,
  "params": [
    2.419357647823528,
    3.173124549840323,
    8.268665973668083,
    1.0332253232534019,
    0.20760619471099193,
    0.322853085566227,
    0.002525800118382526,
    0.9026275690937566,
    0.8173861782523097,
    0.7304799112343411,
    0.5138922340052227,
    -1.227301276393672,
    0.749923248050302
  ],
  "timestamp": "2025-12-05T22:35:15.381599"
}