{
  "iteration": 800000,
  "error": 9.970261783871221,
  "params": [
    2.503757805806294,
    3.205663182148017,
    7.9686491669125665,
    1.0,
    0.20052461804660743,
    0.2654994358713872,
    0.0017159367320552295,
    0.9010115599193177,
    0.8045493250209819,
    0.7587533735429464,
    0.5,
    -1.3209643957511787,
    0.7410812567694297
  ],
  "timestamp": "2025-12-05T22:35:33.440820"
}