{
  "iteration": 200000,
  "error": 11.32967258283335,
  "params": [
    2.3833765139092677,
    3.0851708196352847,
    8.176358841502841,
    1.003250735319221,
    0.2760188164806437,
    0.14408949925196554,
    0.004125160250086357,
    0.9143883554741813,
    0.8,
    0.7308864044786395,
    0.5,
    -1.2911786551228628,
    0.75
  ],
  "timestamp": "2025-12-05T22:34:36.659429"
}