{
  "iteration": 1400000,
  "error": 9.719188275315904,
  "params": [
    2.537656484092882,
    3.2166547245716313,
    8.22056626722899,
    1.0011178614246359,
    0.20297560517330723,
    0.14290032475123604,
    0.0019162731520238883,
    0.9,
    0.801868664026036,
    0.7436150527459449,
    0.5003355582005126,
    -1.3859598930573354,
    0.749950839638118
  ],
  "timestamp": "2025-12-05T22:36:19.246628"
}