{
  "model": "v22_topological_threads",
  "timestamp": "2025-12-05T22:36:26.516692",
  "error": 9.719188275315904,
  "parameters": {
    "m_u": 2.537656484092882,
    "m_d": 3.2166547245716313,
    "m_s": 8.22056626722899,
    "alpha": 1.0011178614246359,
    "beta": 0.20297560517330723,
    "gamma": 0.14290032475123604,
    "delta_em": 0.0019162731520238883,
    "k_mixing_pi0": 0.9,
    "k_mixing_eta": 0.801868664026036,
    "lambda_strange": 0.7436150527459449,
    "sign_baryon": 0.5003355582005126,
    "sign_meson": -1.3859598930573354,
    "k_neutron": 0.749950839638118
  },
  "masses": {
    "proton": 938.3201922292338,
    "neutron": 939.4870520475056,
    "pi+": 139.64002437594903,
    "pi0": 116.86142807233311,
    "pi-": 139.64002437594903,
    "K+": 421.3675867283185,
    "K0": 490.91195137423335,
    "K-": 421.3675867283185,
    "eta": 461.75773913272235,
    "Lambda0": 1298.8308045325107,
    "Sigma+": 1233.5909344537051,
    "Sigma0": 1298.4164013846366,
    "Sigma-": 1369.650811769155,
    "Xi0": 1592.2206724350285,
    "Xi-": 1662.5853895827656,
    "Omega-": 2007.4392953889242
  },
  "quark_masses_mev": {
    "u": 253.7656484092882,
    "d": 321.6654724571631,
    "s": 822.0566267228991
  },
  "topology": {
    "proton": {
      "L": 2,
      "T": 0.0,
      "S": 1.0,
      "type": "baryon"
    },
    "neutron": {
      "L": 1,
      "T": 0.0,
      "S": 0.9,
      "type": "baryon"
    },
    "pi+": {
      "L": 3,
      "T": 0.0,
      "S": 1.0,
      "type": "meson"
    },
    "pi0": {
      "L": 3,
      "T": 0.0,
      "S": 0.9,
      "type": "meson"
    },
    "pi-": {
      "L": 3,
      "T": 0.0,
      "S": 1.0,
      "type": "meson"
    },
    "K+": {
      "L": 3,
      "T": 0.3,
      "S": 1.0,
      "type": "meson"
    },
    "K0": {
      "L": 3,
      "T": 0.3,
      "S": 0.9,
      "type": "meson"
    },
    "K-": {
      "L": 3,
      "T": 0.3,
      "S": 1.0,
      "type": "meson"
    },
    "eta": {
      "L": 4,
      "T": 0.5,
      "S": 1.2,
      "type": "meson"
    },
    "Lambda0": {
      "L": 2,
      "T": 0.4,
      "S": 1.1,
      "type": "baryon"
    },
    "Sigma+": {
      "L": 2,
      "T": 0.5,
      "S": 1.0,
      "type": "baryon"
    },
    "Sigma0": {
      "L": 2,
      "T": 0.5,
      "S": 0.9,
      "type": "baryon"
    },
    "Sigma-": {
      "L": 2,
      "T": 0.5,
      "S": 1.0,
      "type": "baryon"
    },
    "Xi0": {
      "L": 2,
      "T": 0.7,
      "S": 1.2,
      "type": "baryon"
    },
    "Xi-": {
      "L": 2,
      "T": 0.7,
      "S": 1.1,
      "type": "baryon"
    },
    "Omega-": {
      "L": 3,
      "T": 1.0,
      "S": 1.3,
      "type": "baryon"
    }
  },
  "key_tests": {
    "n_p_diff": 1.166859818271746,
    "pi_plus_minus_diff": 0.0,
    "K0_Kplus_diff": 69.54436464591487
  }
}