{
  "worker_id": 2,
  "iteration": 10001,
  "total_iterations": 200000,
  "progress_percent": 5.0005,
  "current_error": 30003.58433781955,
  "temperature": 5.926341299953068,
  "timestamp": "2025-12-05T03:47:12.871748"
}