{
  "worker_id": 0,
  "iteration": 10001,
  "total_iterations": 200000,
  "progress_percent": 5.0005,
  "current_error": 30029.363146414184,
  "temperature": 5.926341299953068,
  "timestamp": "2025-12-05T03:47:14.344185"
}