{
  "parameters": {
    "m_u": 1.7329988723637881,
    "m_d": 2.5087691154364715,
    "m_s": 7.002226088494003,
    "alpha": 0.9200760859561852,
    "beta": 1.6514903220800303,
    "gamma": 0.11071720629186471,
    "scale": 100.0
  },
  "error": 6.69022666409566,
  "masses": {
    "proton": 809.0785270576285,
    "neutron": 792.4335986434411,
    "pi+": 137.08225236398394,
    "pi0": 60.612400119634245,
    "pi-": 137.08225236398394,
    "K+": 503.8534335657355,
    "K0": 582.5376299359225,
    "K-": 503.8534335657355,
    "eta": 1834.452509679754,
    "Lambda0": 1370.1382271751693,
    "Sigma+": 1307.9689340257826,
    "Sigma0": 1384.4387862701324,
    "Sigma-": 1463.1229826403192,
    "Xi0": 1870.1358062062423,
    "Xi-": 1946.6056584505914,
    "Omega-": 2523.2031149194013
  },
  "topology": {
    "proton": {
      "L": 2,
      "T": 0.1,
      "S": 1.0
    },
    "neutron": {
      "L": 1,
      "T": 0.1,
      "S": 0.8
    },
    "pi+": {
      "L": 3,
      "T": 0.0,
      "S": 1.0
    },
    "pi0": {
      "L": 3,
      "T": 0.0,
      "S": 0.9
    },
    "pi-": {
      "L": 3,
      "T": 0.0,
      "S": 1.0
    },
    "K+": {
      "L": 3,
      "T": 0.5,
      "S": 1.0
    },
    "K0": {
      "L": 3,
      "T": 0.5,
      "S": 0.9
    },
    "K-": {
      "L": 3,
      "T": 0.5,
      "S": 1.0
    },
    "eta": {
      "L": 4,
      "T": 0.2,
      "S": 1.2
    },
    "Lambda0": {
      "L": 2,
      "T": 0.3,
      "S": 1.1
    },
    "Sigma+": {
      "L": 2,
      "T": 0.4,
      "S": 1.0
    },
    "Sigma0": {
      "L": 2,
      "T": 0.4,
      "S": 0.9
    },
    "Sigma-": {
      "L": 2,
      "T": 0.4,
      "S": 1.0
    },
    "Xi0": {
      "L": 2,
      "T": 0.6,
      "S": 1.2
    },
    "Xi-": {
      "L": 2,
      "T": 0.6,
      "S": 1.1
    },
    "Omega-": {
      "L": 3,
      "T": 0.8,
      "S": 1.3
    }
  }
}