{
  "model": "v9.5",
  "timestamp": "2025-12-05T12:45:27.730367",
  "error": 0.2567673919423044,
  "parameters": {
    "base_mass_u": 1.8731129644539561,
    "base_mass_d": 4.060390259094975,
    "freq_u": 0.9057269894696645,
    "freq_d": 0.8474051443657041,
    "amp_u": 0.9197317288846508,
    "amp_d": 0.7857548868603768,
    "color_strength": 1.9397779293173087,
    "phase_strength": 1.9729206840511577,
    "base_coupling_proton": 1.806907574324825,
    "base_coupling_neutron": 0.2643464072970623,
    "base_coupling_meson_charged": 5.099841769525171,
    "base_coupling_meson_neutral": 4.001112962868024
  },
  "masses": {
    "proton": 714.8370177233082,
    "neutron": 716.1300178588863,
    "pi+": 173.56518488808302,
    "pi0": 113.70923939609396,
    "pi-": 173.56518488808302
  }
}