{
  "parameters": {
    "m_u": 2.6710700179985785,
    "m_d": 3.180804221784659,
    "m_s_meson": 8.493682173674891,
    "m_s_baryon": 9.0,
    "alpha": 0.9499281484406764,
    "beta": 0.22651998041023533,
    "gamma": 0.12595853693971001,
    "sign_baryon": 0.4,
    "sign_meson": -1.5,
    "k_neutron": 0.7999153808742179,
    "mixing_pi0": 1.0,
    "mixing_eta": 0.8997512505105341,
    "delta_em_charged": 0.005374211999153692,
    "delta_em_neutral": 0.002431173871350191,
    "lambda_s_meson": 0.8,
    "lambda_s_baryon": 0.8,
    "k_K_mass_splitting": 1.1,
    "correction_pi0": 1.1,
    "correction_eta": 1.1
  },
  "masses": {
    "proton": 938.3429163963725,
    "neutron": 939.5682676541719,
    "pi+": 139.5720568685108,
    "pi-": 139.5720568685108,
    "pi0": 465.9137310791059,
    "K+": 492.68034424853454,
    "K0": 497.610666902586,
    "K-": 492.68034424853454,
    "eta": 1506.8997364758782,
    "Lambda0": 1393.728349311306,
    "Sigma+": 1346.9772421718699
  },
  "key_tests": {
    "n_p_diff": 1.2253512577993888,
    "K0_Kp_diff": 4.9303226540514515,
    "pi_plus_minus_diff": 0.0
  },
  "quark_masses_mev": {
    "u": 267.10700179985787,
    "d": 318.0804221784659,
    "s_meson": 679.4945738939913,
    "s_baryon": 720.0
  }
}