{
  "worker_id": 2,
  "iteration": 156001,
  "total_iterations": 200000,
  "progress_percent": 78.00049999999999,
  "current_error": 30000.201166140167,
  "temperature": 0.07422467327429852,
  "timestamp": "2025-12-05T04:19:18.291212"
}