{
  "worker_id": 0,
  "iteration": 158001,
  "total_iterations": 200000,
  "progress_percent": 79.0005,
  "current_error": 30000.113745650367,
  "temperature": 0.06990210189343835,
  "timestamp": "2025-12-05T04:19:27.585827"
}