{
  "worker_id": 1,
  "iteration": 160001,
  "total_iterations": 200000,
  "progress_percent": 80.0005,
  "current_error": 30000.368918181877,
  "temperature": 0.06583126113688938,
  "timestamp": "2025-12-05T04:19:26.085405"
}