{
  "worker_id": 3,
  "iteration": 160001,
  "total_iterations": 200000,
  "progress_percent": 80.0005,
  "current_error": 30000.06296696963,
  "temperature": 0.06583126113688938,
  "timestamp": "2025-12-05T04:19:21.843845"
}