{
  "model": "v16.0_enhanced_topological",
  "timestamp": "2025-12-05T22:19:39.405536",
  "error": 45.64153479962846,
  "parameters": {
    "m_u": 2.4073338151752153,
    "m_d": 2.5413347347421062,
    "m_s": 7.053956152538553,
    "C_baryon": 0.5,
    "C_meson": 2.0,
    "f_neutron": 0.7999692934030747,
    "f_kaon": 0.9012634685883113,
    "f_eta": 0.8564661264738206,
    "f_lambda": 0.5150405320677943,
    "mix_pi0": 1.05,
    "mix_eta": 0.8582335689790854,
    "EM_pion": 0.010211617247554716,
    "EM_kaon": 0.04,
    "EM_proton": 0.02115165875894843
  },
  "masses": {
    "proton": 787.7154023851485,
    "neutron": 788.9987931360965,
    "pi+": 295.8880167164877,
    "pi0": 284.86685499173217,
    "pi-": 295.8880167164877,
    "K+": 769.8763030537145,
    "K0": 779.2763950104036,
    "K-": 769.8763030537145,
    "eta": 418.033512325776,
    "Lambda0": 1226.0144968489772
  },
  "physical_checks": {
    "mass_diff_np": 1.2833907509480014,
    "mass_diff_pi": 11.02116172475553,
    "mass_diff_K": 9.400091956689039,
    "coupling_ratio_np": 0.7999692934030747
  }
}