{
  "worker_id": 5,
  "iteration": 6001,
  "total_iterations": 200000,
  "progress_percent": 3.0005,
  "current_error": 30027.176557543356,
  "temperature": 6.681943184808682,
  "timestamp": "2025-12-05T03:49:06.785747"
}