{
  "worker_id": 3,
  "iteration": 6001,
  "total_iterations": 200000,
  "progress_percent": 3.0005,
  "current_error": 30056.620646550506,
  "temperature": 6.681943184808682,
  "timestamp": "2025-12-05T03:48:58.420743"
}