{
  "worker_id": 4,
  "iteration": 6001,
  "total_iterations": 200000,
  "progress_percent": 3.0005,
  "current_error": 30025.58987898161,
  "temperature": 6.681943184808682,
  "timestamp": "2025-12-05T03:48:59.657647"
}