{
  "iteration": 200000,
  "error": 1.4294256765617055,
  "params": {
    "base_mass_u": 2.1574373965353835,
    "base_mass_d": 4.469705020850662,
    "freq_u": 0.9696133848003501,
    "freq_d": 0.8869042047022107,
    "amp_u": 1.0419401528461247,
    "amp_d": 0.8805282784377628,
    "coupling_proton": 1.606098820097891,
    "coupling_neutron": 0.2831296624871485,
    "coupling_meson": 4.281083888455765,
    "phase_shift": 3.2818206398288052
  },
  "results": {
    "proton_mass": 938.0965800641118,
    "proton_charge": 1.0,
    "neutron_mass": 939.3904753740626,
    "neutron_charge": 0.0,
    "pi+_mass": 139.7524909302195,
    "pi+_charge": 1.0,
    "mass_diff": 1.2938953099508126,
    "m_u_eff_mev": 217.96139508897937,
    "m_d_eff_mev": 349.0590357034874,
    "mass_ratio": 1.6014718366112008,
    "sync_proton": 1.5311475418266562,
    "sync_neutron": 0.23311008878108558,
    "sync_pion": 4.272679398622472
  },
  "timestamp": "2025-12-04T23:24:39.105444"
}