{
  "iteration": 1200000,
  "error": 0.04014116808011669,
  "params": {
    "base_mass_u": 2.204579127925972,
    "base_mass_d": 4.570126341684308,
    "freq_u": 0.9561332877250024,
    "freq_d": 0.8691402432201981,
    "amp_u": 1.0310704900573044,
    "amp_d": 0.8796310252438105,
    "coupling_proton": 1.6176149952083483,
    "coupling_neutron": 0.28476320371405006,
    "coupling_meson": 4.272034807981478,
    "phase_shift": 3.167805370818499
  },
  "results": {
    "proton_mass": 938.2819911245223,
    "proton_charge": 1.0,
    "neutron_mass": 939.5749999967535,
    "neutron_charge": 0.0,
    "pi+_mass": 139.55882355377005,
    "pi+_charge": 1.0,
    "mass_diff": 1.293008872231212,
    "m_u_eff_mev": 217.33640897945202,
    "m_d_eff_mev": 349.3965436224224,
    "mass_ratio": 1.6076300573064863,
    "sync_proton": 1.542126295431959,
    "sync_neutron": 0.23445503772456788,
    "sync_pion": 4.271741290481043
  },
  "timestamp": "2025-12-04T23:25:53.351019"
}