{
  "iteration": 1800000,
  "error": 0.014131104603357788,
  "params": {
    "base_mass_u": 2.2022410384966125,
    "base_mass_d": 4.584025160366689,
    "freq_u": 0.9571291216078991,
    "freq_d": 0.8681451966932429,
    "amp_u": 1.0325865320718128,
    "amp_d": 0.8774866454654248,
    "coupling_proton": 1.6129076612774216,
    "coupling_neutron": 0.28547261513987565,
    "coupling_meson": 4.273364174972868,
    "phase_shift": 3.1724918705012852
  },
  "results": {
    "proton_mass": 938.2715724494057,
    "proton_charge": 1.0,
    "neutron_mass": 939.5645687445448,
    "neutron_charge": 0.0,
    "pi+_mass": 139.56050153222597,
    "pi+_charge": 1.0,
    "mass_diff": 1.292996295139119,
    "m_u_eff_mev": 217.65158690574046,
    "m_d_eff_mev": 349.2045349294773,
    "mass_ratio": 1.6044198891171382,
    "sync_proton": 1.5376386370844755,
    "sync_neutron": 0.23503911979849762,
    "sync_pion": 4.272956203029918
  },
  "timestamp": "2025-12-04T23:26:42.773102"
}