{
  "iteration": 600000,
  "error": 0.34751643566731505,
  "params": {
    "base_mass_u": 2.1938133597255303,
    "base_mass_d": 4.641577257149496,
    "freq_u": 0.9511151086207686,
    "freq_d": 0.8552007054249413,
    "amp_u": 1.037262541090456,
    "amp_d": 0.8815451356241158,
    "coupling_proton": 1.6305226328263644,
    "coupling_neutron": 0.2822759924851642,
    "coupling_meson": 4.2673359690621515,
    "phase_shift": 3.1077100986865744
  },
  "results": {
    "proton_mass": 938.234728149396,
    "proton_charge": 1.0,
    "neutron_mass": 939.5278954886994,
    "neutron_charge": 0.0,
    "pi+_mass": 139.67496946338701,
    "pi+_charge": 1.0,
    "mass_diff": 1.2931673393034089,
    "m_u_eff_mev": 216.43198962193696,
    "m_d_eff_mev": 349.927591242742,
    "mass_ratio": 1.6168016190859535,
    "sync_proton": 1.554431576627801,
    "sync_neutron": 0.2324072338127852,
    "sync_pion": 4.266846114012919
  },
  "timestamp": "2025-12-04T23:25:08.000862"
}