{
  "iteration": 1600000,
  "error": 0.01902161266485453,
  "params": {
    "base_mass_u": 2.204967168179686,
    "base_mass_d": 4.587602379089967,
    "freq_u": 0.9566090503850021,
    "freq_d": 0.8676566822056276,
    "amp_u": 1.0318192709388054,
    "amp_d": 0.8772776690686823,
    "coupling_proton": 1.6132074974429345,
    "coupling_neutron": 0.2857772319806908,
    "coupling_meson": 4.273143644093545,
    "phase_shift": 3.1744657770891425
  },
  "results": {
    "proton_mass": 938.27118737179,
    "proton_charge": 1.0,
    "neutron_mass": 939.5641702146136,
    "neutron_charge": 0.0,
    "pi+_mass": 139.56978129361994,
    "pi+_charge": 1.0,
    "mass_diff": 1.2929828428235624,
    "m_u_eff_mev": 217.64076681653006,
    "m_d_eff_mev": 349.1972056491701,
    "mass_ratio": 1.6044659773853,
    "sync_proton": 1.5379244808955979,
    "sync_neutron": 0.23528992099743543,
    "sync_pion": 4.2726819117208015
  },
  "timestamp": "2025-12-04T23:26:24.911990"
}