{
  "iteration": 1000000,
  "error": 0.16043580991755035,
  "params": {
    "base_mass_u": 2.2045669648150095,
    "base_mass_d": 4.581286537290703,
    "freq_u": 0.9539942116555262,
    "freq_d": 0.8676612882332287,
    "amp_u": 1.0321251603194788,
    "amp_d": 0.8793088737660562,
    "coupling_proton": 1.6217097666545686,
    "coupling_neutron": 0.28470905013015224,
    "coupling_meson": 4.269162530570446,
    "phase_shift": 3.158201128249207
  },
  "results": {
    "proton_mass": 938.2703060163897,
    "proton_charge": 1.0,
    "neutron_mass": 939.5632719151278,
    "neutron_charge": 0.0,
    "pi+_mass": 139.69203447450224,
    "pi+_charge": 1.0,
    "mass_diff": 1.292965898738089,
    "m_u_eff_mev": 217.0707965787432,
    "m_d_eff_mev": 349.52571510450105,
    "mass_ratio": 1.6101922534646864,
    "sync_proton": 1.5460299775440223,
    "sync_neutron": 0.23441045127382534,
    "sync_pion": 4.26904477208742
  },
  "timestamp": "2025-12-04T23:25:38.014699"
}