{
  "iteration": 2200000,
  "error": 0.003452071638370159,
  "params": {
    "base_mass_u": 2.2039692045813912,
    "base_mass_d": 4.583940144103653,
    "freq_u": 0.9562893000872532,
    "freq_d": 0.8680712029048551,
    "amp_u": 1.0324856440492187,
    "amp_d": 0.8776422193933701,
    "coupling_proton": 1.613515361767467,
    "coupling_neutron": 0.28535939312068126,
    "coupling_meson": 4.27316470346005,
    "phase_shift": 3.1739994571722634
  },
  "results": {
    "proton_mass": 938.2719905278218,
    "proton_charge": 1.0,
    "neutron_mass": 939.5649885071697,
    "neutron_charge": 0.0,
    "pi+_mass": 139.56859960147403,
    "pi+_charge": 1.0,
    "mass_diff": 1.2929979793478878,
    "m_u_eff_mev": 217.60999564613766,
    "m_d_eff_mev": 349.2302014137146,
    "mass_ratio": 1.6048444850925352,
    "sync_proton": 1.5382179782183185,
    "sync_neutron": 0.23494590033602758,
    "sync_pion": 4.272715974583782
  },
  "timestamp": "2025-12-04T23:27:15.445520"
}