{
  "iteration": 400000,
  "error": 0.6034958005325193,
  "params": {
    "base_mass_u": 2.142562375036386,
    "base_mass_d": 4.484225040830152,
    "freq_u": 0.9736136380414162,
    "freq_d": 0.8771232055369464,
    "amp_u": 1.0330379054529901,
    "amp_d": 0.8908334067712099,
    "coupling_proton": 1.6448257883470907,
    "coupling_neutron": 0.2819067005982556,
    "coupling_meson": 4.265520031304261,
    "phase_shift": 3.156215473250993
  },
  "results": {
    "proton_mass": 938.1800987125915,
    "proton_charge": 1.0,
    "neutron_mass": 939.4732826136448,
    "neutron_charge": 0.0,
    "pi+_mass": 139.33589680811895,
    "pi+_charge": 1.0,
    "mass_diff": 1.2931839010532258,
    "m_u_eff_mev": 215.49459428309427,
    "m_d_eff_mev": 350.38418499064704,
    "mass_ratio": 1.6259534776559124,
    "sync_proton": 1.56806725155756,
    "sync_neutron": 0.23210318349256379,
    "sync_pion": 4.265428824656224
  },
  "timestamp": "2025-12-04T23:24:53.581910"
}