{
  "iteration": 2400000,
  "error": 0.0026370403411495923,
  "params": {
    "base_mass_u": 2.2039365247697185,
    "base_mass_d": 4.583749319196904,
    "freq_u": 0.9563285799220076,
    "freq_d": 0.8682218962940157,
    "amp_u": 1.0324411573898278,
    "amp_d": 0.8775277081260267,
    "coupling_proton": 1.6135792642875981,
    "coupling_neutron": 0.2853826894382433,
    "coupling_meson": 4.273117843890488,
    "phase_shift": 3.1738321761358006
  },
  "results": {
    "proton_mass": 938.2712650007177,
    "proton_charge": 1.0,
    "neutron_mass": 939.5642658349462,
    "neutron_charge": 0.0,
    "pi+_mass": 139.56967027970305,
    "pi+_charge": 1.0,
    "mass_diff": 1.2930008342285646,
    "m_u_eff_mev": 217.60633084646747,
    "m_d_eff_mev": 349.2307134456984,
    "mass_ratio": 1.6048738659726713,
    "sync_proton": 1.5382788986208438,
    "sync_neutron": 0.2349650809708203,
    "sync_pion": 4.272673740124628
  },
  "timestamp": "2025-12-04T23:27:31.485723"
}