{
  "iteration": 1400000,
  "error": 0.022820329650686418,
  "params": {
    "base_mass_u": 2.2068905618470995,
    "base_mass_d": 4.580187790768499,
    "freq_u": 0.956137381381121,
    "freq_d": 0.8670856642658678,
    "amp_u": 1.0311480805401076,
    "amp_d": 0.8794429165534298,
    "coupling_proton": 1.6137986265806104,
    "coupling_neutron": 0.28494057375886395,
    "coupling_meson": 4.273259146720302,
    "phase_shift": 3.1763316289437973
  },
  "results": {
    "proton_mass": 938.2752633805286,
    "proton_charge": 1.0,
    "neutron_mass": 939.5682791203111,
    "neutron_charge": 0.0,
    "pi+_mass": 139.5705273001571,
    "pi+_charge": 1.0,
    "mass_diff": 1.2930157397825042,
    "m_u_eff_mev": 217.58158335961872,
    "m_d_eff_mev": 349.2632942606063,
    "mass_ratio": 1.6052061432209734,
    "sync_proton": 1.5384880240068488,
    "sync_neutron": 0.23460107239479797,
    "sync_pion": 4.2727435032006795
  },
  "timestamp": "2025-12-04T23:26:08.323550"
}