{
  "iteration": 2000000,
  "error": 0.004022399026988734,
  "params": {
    "base_mass_u": 2.2039427218141774,
    "base_mass_d": 4.583592496188116,
    "freq_u": 0.9563339890630019,
    "freq_d": 0.868187667518261,
    "amp_u": 1.0325714997604982,
    "amp_d": 0.8775602177147049,
    "coupling_proton": 1.613117742328952,
    "coupling_neutron": 0.2853595344592687,
    "coupling_meson": 4.273287157229553,
    "phase_shift": 3.1738201778563333
  },
  "results": {
    "proton_mass": 938.2731177644656,
    "proton_charge": 1.0,
    "neutron_mass": 939.5661167405375,
    "neutron_charge": 0.0,
    "pi+_mass": 139.5692438318054,
    "pi+_charge": 1.0,
    "mass_diff": 1.2929989760718854,
    "m_u_eff_mev": 217.63564586271772,
    "m_d_eff_mev": 349.21793460366996,
    "mass_ratio": 1.604598976511196,
    "sync_proton": 1.537838914353601,
    "sync_neutron": 0.2349460167047979,
    "sync_pion": 4.272843366345823
  },
  "timestamp": "2025-12-04T23:26:59.954505"
}