{
  "iteration": 2600000,
  "error": 0.0018764222093662496,
  "params": {
    "base_mass_u": 2.2039332462595227,
    "base_mass_d": 4.583176750721051,
    "freq_u": 0.9563163573750285,
    "freq_d": 0.8681667574813022,
    "amp_u": 1.0325093594637975,
    "amp_d": 0.8776778864401066,
    "coupling_proton": 1.6134189405410218,
    "coupling_neutron": 0.28540732001790603,
    "coupling_meson": 4.273169654423685,
    "phase_shift": 3.1739294028114053
  },
  "results": {
    "proton_mass": 938.2724763450353,
    "proton_charge": 1.0,
    "neutron_mass": 939.5654754377731,
    "neutron_charge": 0.0,
    "pi+_mass": 139.5699837529362,
    "pi+_charge": 1.0,
    "mass_diff": 1.292999092737773,
    "m_u_eff_mev": 217.61760064576126,
    "m_d_eff_mev": 349.2246693886021,
    "mass_ratio": 1.6047629803485945,
    "sync_proton": 1.5381260566491075,
    "sync_neutron": 0.23498536014807597,
    "sync_pion": 4.2727228628142715
  },
  "timestamp": "2025-12-04T23:27:48.231952"
}