{
  "iteration": 800000,
  "error": 0.31440929983778404,
  "params": {
    "base_mass_u": 2.191047663737865,
    "base_mass_d": 4.607433337201217,
    "freq_u": 0.9515684832246749,
    "freq_d": 0.8638057323035621,
    "amp_u": 1.0329580792529884,
    "amp_d": 0.8802139055495984,
    "coupling_proton": 1.6493759505570749,
    "coupling_neutron": 0.2863920253970251,
    "coupling_meson": 4.2628175120216625,
    "phase_shift": 3.132126745076888
  },
  "results": {
    "proton_mass": 938.288695578418,
    "proton_charge": 1.0,
    "neutron_mass": 939.5818107986593,
    "neutron_charge": 0.0,
    "pi+_mass": 139.40553139963282,
    "pi+_charge": 1.0,
    "mass_diff": 1.2931152202412477,
    "m_u_eff_mev": 215.36472529210536,
    "m_d_eff_mev": 350.31873770776605,
    "mass_ratio": 1.6266300678192247,
    "sync_proton": 1.5724050728644117,
    "sync_neutron": 0.2357961009102173,
    "sync_pion": 4.262779316002386
  },
  "timestamp": "2025-12-04T23:25:22.538409"
}