{
  "iteration": 2800000,
  "error": 0.000530125739281209,
  "params": {
    "base_mass_u": 2.2038401719450573,
    "base_mass_d": 4.582960517711575,
    "freq_u": 0.9563572304860224,
    "freq_d": 0.8681186772781696,
    "amp_u": 1.0324685764385355,
    "amp_d": 0.8777799799336835,
    "coupling_proton": 1.6135433244248365,
    "coupling_neutron": 0.28538996226357993,
    "coupling_meson": 4.273130342556873,
    "phase_shift": 3.1738513595438516
  },
  "results": {
    "proton_mass": 938.2721662701382,
    "proton_charge": 1.0,
    "neutron_mass": 939.5651660892466,
    "neutron_charge": 0.0,
    "pi+_mass": 139.57001640329096,
    "pi+_charge": 1.0,
    "mass_diff": 1.292999819108445,
    "m_u_eff_mev": 217.6091153845763,
    "m_d_eff_mev": 349.22947190581783,
    "mass_ratio": 1.6048476245520849,
    "sync_proton": 1.5382446359516775,
    "sync_neutron": 0.2349710689303475,
    "sync_pion": 4.272685708871032
  },
  "timestamp": "2025-12-04T23:28:05.190403"
}