{
  "model": "v9.4",
  "timestamp": "2025-12-05T10:40:20.808425",
  "error": 6.292550387014289,
  "parameters": {
    "base_mass_u": 2.2451506417512292,
    "base_mass_d": 4.155144166607144,
    "freq_u": 0.9682320420117914,
    "freq_d": 1.1874760932085298,
    "amp_u": 1.175362923323808,
    "amp_d": 0.7008471735302905,
    "color_coupling": 1.2113107753559154,
    "phase_coupling": 0.2458281170159182,
    "coupling_proton": 1.6908828558247253,
    "coupling_neutron": 0.6473610844537724,
    "coupling_meson_charged": 3.1043325284143606,
    "coupling_meson_neutral": 4.798816683374883,
    "K_base": 1.0492093918202001,
    "K_sync": 1.302461304628593
  },
  "masses": {
    "proton": 1050.408195198975,
    "neutron": 1051.7011949049845,
    "pi+": 386.0180922259988,
    "pi0": 157.60227598828104,
    "pi-": 386.0180922259988
  }
}