{
  "iteration": 300000,
  "error": 0.2490025571766328,
  "params": [
    2.2334212465588466,
    3.0342557671451247,
    8.364898799761953,
    1.0020735645826204,
    0.1887701163680935,
    4.233841174765101,
    5.45877631061245,
    4.1807234428499775,
    1.1523850308688968,
    0.9268155654267091,
    0.21379558047425265,
    1.0450681756074314,
    0.8040628506071488,
    0.15786647690172625
  ],
  "timestamp": "2025-12-05T22:13:11.220812"
}