{
  "iteration": 100000,
  "error": 0.33747638296626475,
  "params": [
    2.532914968402771,
    3.350645497653124,
    8.108995670590772,
    1.1366462102980714,
    0.36627597419674357,
    4.019706359751987,
    4.126366508455531,
    3.3414068510944848,
    1.011654580957179,
    1.1373952386624695,
    0.2919507096846831,
    1.1071560502597408,
    0.8347024790884608,
    0.7784624902247854
  ],
  "timestamp": "2025-12-05T22:13:00.573285"
}