{
  "iteration": 400000,
  "error": 0.21989502093391744,
  "params": [
    2.4934554108683735,
    3.333860209000348,
    8.373839269969558,
    1.1450341945597016,
    0.6866134898974866,
    3.6438036660508972,
    5.010619893094441,
    3.172667002872159,
    1.6957722714205552,
    1.2208359296999969,
    0.27733997867954124,
    0.9681900812926458,
    0.8206740462698956,
    0.47113303550139335
  ],
  "timestamp": "2025-12-05T22:13:16.221888"
}