{
  "iteration": 700000,
  "error": 0.14930512947576532,
  "params": [
    2.470012744881586,
    3.2225366464194454,
    8.016406350666555,
    1.0042077154819444,
    0.6728875558110575,
    3.2340625166471892,
    5.631253553478355,
    3.7623571472339763,
    1.2616719982887803,
    1.3398167403308692,
    0.26353836188950697,
    0.7474361419087335,
    0.8255126455847106,
    0.10889475285073906
  ],
  "timestamp": "2025-12-05T22:13:32.235859"
}