{
  "iteration": 200000,
  "error": 0.32493045277111754,
  "params": [
    2.77388820389978,
    3.7065806750206436,
    8.302090251446469,
    1.020698177463614,
    0.4937361019541978,
    4.347286604880186,
    4.405472279930612,
    3.8649233791525703,
    1.2847554928971783,
    1.2063655281689327,
    0.09892320538431632,
    1.165395571812428,
    0.8239660148674067,
    0.434293144402661
  ],
  "timestamp": "2025-12-05T22:13:05.633178"
}