{
  "model": "v15.0_topological_annealing",
  "timestamp": "2025-12-05T22:13:50.430850",
  "error": 0.14930512947576532,
  "parameters": {
    "m_u_eff": 2.470012744881586,
    "m_d_eff": 3.2225366464194454,
    "m_s_eff": 8.016406350666555,
    "C_proton": 1.0042077154819444,
    "C_neutron": 0.6728875558110575,
    "C_pion": 3.2340625166471892,
    "C_kaon": 5.631253553478355,
    "C_eta": 3.7623571472339763,
    "C_lambda": 1.2616719982887803,
    "k_color_meson": 1.3398167403308692,
    "k_phase_neutron": 0.26353836188950697,
    "k_strange": 0.7474361419087335,
    "k_mixing_pi0": 0.8255126455847106,
    "k_mixing_eta": 0.10889475285073906
  },
  "masses": {
    "proton": 916.6769851664561,
    "neutron": 917.9733294055392,
    "pi+": 135.9498292220547,
    "pi0": 136.3037013507503,
    "pi-": 135.9498292220547,
    "K+": 484.7127179577768,
    "K0": 559.9651081115628,
    "K-": 484.7127179577768,
    "eta": 591.8244184160152,
    "Lambda0": 1465.1974992722835
  },
  "quark_masses_mev": {
    "u": 247.00127448815857,
    "d": 322.2536646419445,
    "s": 801.6406350666555
  }
}