{
  "timestamp": "2025-12-05T13:10:33.927753",
  "error": 0.9263632725846919,
  "parameters": {
    "m_u": 2.8786098938763853,
    "m_d": 3.251337187404136,
    "\u03c9_u": 0.9413337691776978,
    "\u03c9_d": 0.8266157875719626,
    "A_u": 0.6059818240397777,
    "A_d": 0.9211884112019882,
    "\u03b1_color": 2.037874269894298,
    "\u03b2_phase": 0.9176633493491961,
    "\u03b3_proton": 1.39747894297886,
    "\u03b3_neutron": 0.4275438935539942,
    "\u03b3_pi_charged": 4.207672272862812,
    "\u03b3_pi_neutral": 3.7253579337001392,
    "quantum_scale": 0.9456236820706314,
    "noise_level": 0.00798621578082784,
    "\u03c6_proton": 4.124453133620109,
    "\u03c6_neutron": 1.9383313886097504,
    "\u03c6_meson": 2.2851179492725393
  },
  "masses": {
    "proton": 694.6126858758093,
    "neutron": 695.7953877220483,
    "pi+": 106.4697671504228,
    "pi0": 55.669784773600654,
    "pi-": 107.01370803605693
  },
  "iterations": 0
}