{
  "timestamp": "2025-12-05T13:10:30.228406",
  "error": 1.5818950064434139,
  "parameters": {
    "m_u": 2.4884689574240673,
    "m_d": 3.557393675485152,
    "\u03c9_u": 0.7464964970616096,
    "\u03c9_d": 1.4751029325113174,
    "A_u": 1.1933646105035036,
    "A_d": 0.7266290101101136,
    "\u03b1_color": 1.6138588612179845,
    "\u03b2_phase": 1.9975301077263052,
    "\u03b3_proton": 2.6376203097170867,
    "\u03b3_neutron": 0.3161291898229608,
    "\u03b3_pi_charged": 6.713977847316645,
    "\u03b3_pi_neutral": 3.8870250545633263,
    "quantum_scale": 0.8331442514973282,
    "noise_level": 0.0015736677086274353,
    "\u03c6_proton": 5.697973138532188,
    "\u03c6_neutron": 2.687490292309129,
    "\u03c6_meson": 1.884868894597181
  },
  "masses": {
    "proton": 1003.7906821076749,
    "neutron": 1005.7628748083263,
    "pi+": 125.82623293866631,
    "pi0": 168.49463610832652,
    "pi-": 126.9944164884107
  },
  "iterations": 0
}