{
  "timestamp": "2025-12-05T13:10:31.879403",
  "error": 1.508843930497876,
  "parameters": {
    "m_u": 2.815080255167193,
    "m_d": 4.850656685825395,
    "\u03c9_u": 0.716822240733658,
    "\u03c9_d": 0.7633917847088989,
    "A_u": 0.7253754616510697,
    "A_d": 0.6788838504854955,
    "\u03b1_color": 3.6403539627122568,
    "\u03b2_phase": 4.6522035898210365,
    "\u03b3_proton": 2.2457869089650098,
    "\u03b3_neutron": 0.852240855911133,
    "\u03b3_pi_charged": 4.020390308450965,
    "\u03b3_pi_neutral": 3.5452885725222663,
    "quantum_scale": 0.9158395948955209,
    "noise_level": 0.0026444277740978895,
    "\u03c6_proton": 3.9474499046137783,
    "\u03c6_neutron": 4.425094944703248,
    "\u03c6_meson": 3.9223912366280174
  },
  "masses": {
    "proton": 711.0535163814402,
    "neutron": 712.7373136239004,
    "pi+": 83.84135826603583,
    "pi0": 15.30247473457127,
    "pi-": 83.19354956294434
  },
  "iterations": 0
}