{
  "timestamp": "2025-12-05T13:10:33.660795",
  "error": 1.2593804954960772,
  "parameters": {
    "m_u": 2.527686808515068,
    "m_d": 4.963390760088453,
    "\u03c9_u": 1.3714730495853846,
    "\u03c9_d": 0.553552908874607,
    "A_u": 0.522715626135801,
    "A_d": 1.0380968998417748,
    "\u03b1_color": 0.8919731657828993,
    "\u03b2_phase": 2.872423939503437,
    "\u03b3_proton": 1.537576001111896,
    "\u03b3_neutron": 0.23958885801560545,
    "\u03b3_pi_charged": 2.7096976403531583,
    "\u03b3_pi_neutral": 2.46604840140267,
    "quantum_scale": 1.065873882686889,
    "noise_level": 0.00288902913643203,
    "\u03c6_proton": 5.968159693076207,
    "\u03c6_neutron": 2.195394809993076,
    "\u03c6_meson": 2.631766018643276
  },
  "masses": {
    "proton": 770.9612834190715,
    "neutron": 770.585191735216,
    "pi+": 201.46942218753586,
    "pi0": 119.73152583727273,
    "pi-": 200.28745228246265
  },
  "iterations": 0
}