{
  "iteration": 300000,
  "error": 272987.67326953664,
  "params": {
    "base_mass_s": 20.0,
    "freq_s": 0.5,
    "amp_s": 0.6,
    "coupling_neutron": 0.3,
    "coupling_lambda0": 0.5,
    "coupling_meson_strange": 4.5
  },
  "results": {
    "proton_mass": 938.2716951176241,
    "proton_charge": 1.0,
    "neutron_mass": 940.7672048649534,
    "neutron_charge": 0.0,
    "pi+_mass": 139.5698106723688,
    "pi+_charge": 1.0,
    "pi0_mass": 7.9477709250393325,
    "pi0_charge": 0.0,
    "pi-_mass": 139.5698106723688,
    "pi-_charge": -1.0,
    "k+_mass": 367.6545227294694,
    "k+_charge": 1.0,
    "k0_mass": 499.27656247679886,
    "k0_charge": 0.0,
    "k-_mass": 367.6545227294694,
    "k-_charge": -1.0,
    "k0_bar_mass": 499.27656247679886,
    "k0_bar_charge": 0.0,
    "lambda0_mass": 1199.837456660859,
    "lambda0_charge": 0.0,
    "m_u_eff_mev": 217.60770845676484,
    "m_d_eff_mev": 349.22974820409434,
    "m_s_eff_mev": 600.0,
    "mass_ratio_d_u": 1.6048592702931785,
    "mass_ratio_s_u": 2.7572552657031006
  },
  "timestamp": "2025-12-05T00:12:36.525325"
}