{
  "iteration": 500000,
  "error": 1204.0918861254918,
  "params": {
    "base_mass_s": 299.6766034241209,
    "freq_s": 0.49950444283089923,
    "amp_s": 0.7987250872162935,
    "coupling_lambda0": 2.5113747128104316,
    "coupling_meson_strange": 10.00780287606786,
    "scale_strange": 9.14600810286599
  },
  "results": {
    "proton_mass": 938.2716951176241,
    "proton_charge": 1.0,
    "neutron_mass": 939.5647265316202,
    "neutron_charge": 0.0,
    "pi+_mass": 139.5698106723688,
    "pi+_charge": 1.0,
    "k+_mass": 103.60545165013858,
    "k+_charge": 1.0,
    "lambda0_mass": 1160.5083988082904,
    "lambda0_charge": 0.0,
    "m_u_eff_mev": 217.60770845676484,
    "m_d_eff_mev": 349.22974820409434,
    "m_s_eff_mev": 1093.5058238000288,
    "mass_ratio_s_u": 5.025124484582728
  },
  "timestamp": "2025-12-05T01:49:13.225263"
}