{
  "iteration": 400000,
  "error": 1220.6437936390666,
  "params": {
    "base_mass_s": 299.3415258340352,
    "freq_s": 0.4983064237985526,
    "amp_s": 0.799426296869483,
    "coupling_lambda0": 2.4843897683952765,
    "coupling_meson_strange": 10.038068568655826,
    "scale_strange": 9.138067477615383
  },
  "results": {
    "proton_mass": 938.2716951176241,
    "proton_charge": 1.0,
    "neutron_mass": 939.5647265316202,
    "neutron_charge": 0.0,
    "pi+_mass": 139.5698106723688,
    "pi+_charge": 1.0,
    "k+_mass": 98.89330399539635,
    "k+_charge": 1.0,
    "lambda0_mass": 1156.4547904081317,
    "lambda0_charge": 0.0,
    "m_u_eff_mev": 217.60770845676484,
    "m_d_eff_mev": 349.22974820409434,
    "m_s_eff_mev": 1089.67313704283,
    "mass_ratio_s_u": 5.007511658344265
  },
  "timestamp": "2025-12-05T01:49:01.624570"
}