{
  "iteration": 900000,
  "error": 1194.1155996289122,
  "params": {
    "base_mass_s": 299.91827029332563,
    "freq_s": 0.49967616520909663,
    "amp_s": 0.7998246298287024,
    "coupling_lambda0": 2.5211467830672505,
    "coupling_meson_strange": 10.000242076585758,
    "scale_strange": 9.197193332781382
  },
  "results": {
    "proton_mass": 938.2716951176241,
    "proton_charge": 1.0,
    "neutron_mass": 939.5647265316202,
    "neutron_charge": 0.0,
    "pi+_mass": 139.5698106723688,
    "pi+_charge": 1.0,
    "k+_mass": 106.47385491114716,
    "k+_charge": 1.0,
    "lambda0_mass": 1169.843067446175,
    "lambda0_charge": 0.0,
    "m_u_eff_mev": 217.60770845676484,
    "m_d_eff_mev": 349.22974820409434,
    "m_s_eff_mev": 1102.4061975808897,
    "mass_ratio_s_u": 5.066025488706068
  },
  "timestamp": "2025-12-05T01:50:00.643499"
}