{
  "iteration": 100000,
  "error": 1308.9579821871996,
  "params": {
    "base_mass_s": 295.9456593358619,
    "freq_s": 0.4892423199749799,
    "amp_s": 0.7963085497121964,
    "coupling_lambda0": 2.0100111584619067,
    "coupling_meson_strange": 10.116198483887377,
    "scale_strange": 9.4305719660745
  },
  "results": {
    "proton_mass": 938.2716951176241,
    "proton_charge": 1.0,
    "neutron_mass": 939.5647265316202,
    "neutron_charge": 0.0,
    "pi+_mass": 139.5698106723688,
    "pi+_charge": 1.0,
    "k+_mass": 73.93548151225629,
    "k+_charge": 1.0,
    "lambda0_mass": 1153.2817413129937,
    "lambda0_charge": 0.0,
    "m_u_eff_mev": 217.60770845676484,
    "m_d_eff_mev": 349.22974820409434,
    "m_s_eff_mev": 1087.3150608094832,
    "mass_ratio_s_u": 4.9966752948253905
  },
  "timestamp": "2025-12-05T01:48:28.523903"
}