{
  "iteration": 300000,
  "error": 1234.487255503113,
  "params": {
    "base_mass_s": 297.4806522951671,
    "freq_s": 0.4996106873137268,
    "amp_s": 0.7951244008445304,
    "coupling_lambda0": 2.26875638083635,
    "coupling_meson_strange": 10.007685568843783,
    "scale_strange": 8.976598776131297
  },
  "results": {
    "proton_mass": 938.2716951176241,
    "proton_charge": 1.0,
    "neutron_mass": 939.5647265316202,
    "neutron_charge": 0.0,
    "pi+_mass": 139.5698106723688,
    "pi+_charge": 1.0,
    "k+_mass": 94.9143664201247,
    "k+_charge": 1.0,
    "lambda0_mass": 1125.1334502652546,
    "lambda0_charge": 0.0,
    "m_u_eff_mev": 217.60770845676484,
    "m_d_eff_mev": 349.22974820409434,
    "m_s_eff_mev": 1060.8093536719555,
    "mass_ratio_s_u": 4.87487029386517
  },
  "timestamp": "2025-12-05T01:48:50.559236"
}