{
  "optimization_info": {
    "best_error": 1192.4543883047422,
    "iterations": 41,
    "timestamp": "2025-12-05T01:50:11.210691"
  },
  "fixed_parameters": {
    "base_mass_u": 2.203806,
    "base_mass_d": 4.58302,
    "freq_u": 0.956359,
    "freq_d": 0.868115,
    "amp_u": 1.032476,
    "amp_d": 0.877773,
    "coupling_proton": 1.613565,
    "coupling_neutron": 0.285395,
    "coupling_meson_light": 4.273121,
    "phase_shift": 3.173848,
    "scale_light": 100.0
  },
  "optimized_parameters": {
    "base_mass_s": 299.9966510660693,
    "freq_s": 0.49999590523486726,
    "amp_s": 0.7997394480612046,
    "coupling_lambda0": 2.5122656848159237,
    "coupling_meson_strange": 10.000960435587361,
    "scale_strange": 9.203387604170597
  },
  "results": {
    "proton_mass": 938.2716951176241,
    "proton_charge": 1.0,
    "neutron_mass": 939.5647265316202,
    "neutron_charge": 0.0,
    "pi+_mass": 139.5698106723688,
    "pi+_charge": 1.0,
    "k+_mass": 106.95256561821384,
    "k+_charge": 1.0,
    "lambda0_mass": 1171.4537947355566,
    "lambda0_charge": 0.0,
    "m_u_eff_mev": 217.60770845676484,
    "m_d_eff_mev": 349.22974820409434,
    "m_s_eff_mev": 1104.0254523045032,
    "mass_ratio_s_u": 5.0734666530613985
  }
}