{
  "model": "v21.2.0",
  "timestamp": "2025-12-05T21:18:46.000043",
  "total_error": 272.45148138370956,
  "parameters": {
    "m_u_base": 2.001825093666776,
    "m_d_base": 4.201087945721196,
    "E_sync_proton": 1.4084801900577948,
    "E_sync_neutron": 0.20073773395702002,
    "E_sync_pion": 4.499546447081891,
    "EM_pi_charged": -1.915463996571464,
    "delta_pi0": -9.820383241452637,
    "scale": 99.0271245995785
  },
  "predictions": {
    "proton": {
      "calculated": 951.9693686858167,
      "target": 938.272,
      "abs_error": 13.697368685816627,
      "rel_error": 1.4598505215776052
    },
    "neutron": {
      "calculated": 1050.1567824789418,
      "target": 939.565,
      "abs_error": 110.5917824789417,
      "rel_error": 11.770530243138227
    },
    "pi+": {
      "calculated": 166.7640317784822,
      "target": 139.57,
      "abs_error": 27.194031778482213,
      "rel_error": 19.484152596175548
    },
    "pi0": {
      "calculated": 158.85911253360104,
      "target": 134.977,
      "abs_error": 23.88211253360103,
      "rel_error": 17.69346817131884
    },
    "pi-": {
      "calculated": 166.7640317784822,
      "target": 139.57,
      "abs_error": 27.194031778482213,
      "rel_error": 19.484152596175548
    }
  },
  "targets": {
    "proton": 938.272,
    "neutron": 939.565,
    "pi+": 139.57,
    "pi0": 134.977,
    "pi-": 139.57
  }
}